Workbook

Sheet comm_nodist_plants
A1: id | B1: database | C1: id_comm | D1: id_study | E1: id_study_ori | F1: citation | G1: study | H1: site | I1: plot | J1: id_comm_source | K1: exact_lat | L1: exact_long | M1: age | N1: age_ori | O1: study_year | P1: temp_persp_class2 | Q1: stage | R1: study_common_taxon | S1: organism_threshold | T1: metric | U1: metric_source | V1: aggregated_data | W1: sampling_method | X1: sampling_effort_within | Y1: sampling_effort_among | Z1: n_comm | AA1: n_comm_available | AB1: effort_ori | AC1: historic_impact | AD1: predisturbances | AE1: disturbance1_age | AF1: disturbance2 | AG1: n_disturbances | AH1: current_impact | AI1: notes | AJ1: priority | AK1: country | AL1: study_common_taxon_clean | AM1: study_common_taxon_strgroup | AN1: disturbance1_age_clean | AO1: disturbance2_clean | AP1: predisturbances_clean | AQ1: current_impact_clean | AR1: postdisturbance | AS1: restoration | AT1: protection | AU1: use | AV1: recovering_cond | AW1: coord_accuracy | AX1: taxon_level | AY1: richness_study | AZ1: richness | BA1: abund | BB1: shannon | BC1: PD | BD1: SR | BE1: error_class
A2: PR_Baeten et al. 2010_Baeten Belgium vegetation recovery_p1_NA | B2: PR | C2: Baeten et al. 2010_Baeten Belgium vegetation recovery_p1_NA | D2: PR_Baeten et al. 2010_Baeten Belgium vegetation recovery | E2: PR_Baeten et al. 2010_Baeten Belgium vegetation recovery | F2: Baeten et al. 2010 | G2: Baeten Belgium vegetation recovery | H2: p1 | I2: NA | J2: p1 | K2: 51123051 | L2: 3221795 | M2: 2 | N2: 2 | O2: 2006 | P2: exact | Q2: recovering | R2: woody and herbaceous | S2: presence | T2: abundance | U2: diameter stem base for woody and percent cover for herbaceous. Joint results are in percentaje cover | V2: no | W2: fixed plots/quadrats | X2: 1 | Y2: NA | Z2: 1 | AA2: 71 | AB2: 1 | AC2: deforestation and reforestation phases. 4.4% remaining forest cover | AD2: NA | AE2: productive grassland | AF2: bought for passive restoration | AG2: 1 | AH2: NA | AI2: Plots are aggregated but we do not know how | AJ2: NA | AK2: Belgium | AL2: vascular plants | AM2: mix | AN2: animal farming | AO2: protection | AP2: NA | AQ2: NA | AR2: none | AS2: 0 | AT2: 1 | AU2: none | AV2: protection | AW2: community | AX2: species | AY2: 92 | AZ2: 13 | BA2: 36.14 | BB2: 1.8357899e+16 | BC2: 741458122 | BD2: 10 | BE2: 0.13043478260869565
A3: PR_Baeten et al. 2010_Baeten Belgium vegetation recovery_p10_NA | B3: PR | C3: Baeten et al. 2010_Baeten Belgium vegetation recovery_p10_NA | D3: PR_Baeten et al. 2010_Baeten Belgium vegetation recovery | E3: PR_Baeten et al. 2010_Baeten Belgium vegetation recovery | F3: Baeten et al. 2010 | G3: Baeten Belgium vegetation recovery | H3: p10 | I3: NA | J3: p10 | K3: 51119913 | L3: 3235139 | M3: 1 | N3: 1 | O3: 2006 | P3: exact | Q3: recovering | R3: woody and herbaceous | S3: presence | T3: abundance | U3: diameter stem base for woody and percent cover for herbaceous. Joint results are in percentaje cover | V3: no | W3: fixed plots/quadrats | X3: 1 | Y3: NA | Z3: 1 | AA3: 71 | AB3: 1 | AC3: deforestation and reforestation phases. 4.4% remaining forest cover | AD3: NA | AE3: productive grassland | AF3: bought for passive restoration | AG3: 1 | AH3: NA | AI3: Plots are aggregated but we do not know how | AJ3: NA | AK3: Belgium | AL3: vascular plants | AM3: mix | AN3: animal farming | AO3: protection | AP3: NA | AQ3: NA | AR3: none | AS3: 0 | AT3: 1 | AU3: none | AV3: protection | AW3: community | AX3: species | AY3: 92 | AZ3: 8 | BA3: 98.97 | BB3: 2.0782963e+15 | BC3: 814298105 | BD3: 8 | BE3: 0.13043478260869565
A4: PR_Baeten et al. 2010_Baeten Belgium vegetation recovery_p11_NA | B4: PR | C4: Baeten et al. 2010_Baeten Belgium vegetation recovery_p11_NA | D4: PR_Baeten et al. 2010_Baeten Belgium vegetation recovery | E4: PR_Baeten et al. 2010_Baeten Belgium vegetation recovery | F4: Baeten et al. 2010 | G4: Baeten Belgium vegetation recovery | H4: p11 | I4: NA | J4: p11 | K4: 51120067 | L4: 3234797 | M4: 1 | N4: 1 | O4: 2006 | P4: exact | Q4: recovering | R4: woody and herbaceous | S4: presence | T4: abundance | U4: diameter stem base for woody and percent cover for herbaceous. Joint results are in percentaje cover | V4: no | W4: fixed plots/quadrats | X4: 1 | Y4: NA | Z4: 1 | AA4: 71 | AB4: 1 | AC4: deforestation and reforestation phases. 4.4% remaining forest cover | AD4: NA | AE4: productive grassland | AF4: bought for passive restoration | AG4: 1 | AH4: NA | AI4: Plots are aggregated but we do not know how | AJ4: NA | AK4: Belgium | AL4: vascular plants | AM4: mix | AN4: animal farming | AO4: protection | AP4: NA | AQ4: NA | AR4: none | AS4: 0 | AT4: 1 | AU4: none | AV4: protection | AW4: community | AX4: species | AY4: 92 | AZ4: 7 | BA4: 100.01 | BB4: 2.3031238e+15 | BC4: 668569884 | BD4: 7 | BE4: 0.13043478260869565
A5: PR_Baeten et al. 2010_Baeten Belgium vegetation recovery_p12_NA | B5: PR | C5: Baeten et al. 2010_Baeten Belgium vegetation recovery_p12_NA | D5: PR_Baeten et al. 2010_Baeten Belgium vegetation recovery | E5: PR_Baeten et al. 2010_Baeten Belgium vegetation recovery | F5: Baeten et al. 2010 | G5: Baeten Belgium vegetation recovery | H5: p12 | I5: NA | J5: p12 | K5: 51120175 | L5: 3234512 | M5: 1 | N5: 1 | O5: 2006 | P5: exact | Q5: recovering | R5: woody and herbaceous | S5: presence | T5: abundance | U5: diameter stem base for woody and percent cover for herbaceous. Joint results are in percentaje cover | V5: no | W5: fixed plots/quadrats | X5: 1 | Y5: NA | Z5: 1 | AA5: 71 | AB5: 1 | AC5: deforestation and reforestation phases. 4.4% remaining forest cover | AD5: NA | AE5: productive grassland | AF5: bought for passive restoration | AG5: 1 | AH5: NA | AI5: Plots are aggregated but we do not know how | AJ5: NA | AK5: Belgium | AL5: vascular plants | AM5: mix | AN5: animal farming | AO5: protection | AP5: NA | AQ5: NA | AR5: none | AS5: 0 | AT5: 1 | AU5: none | AV5: protection | AW5: community | AX5: species | AY5: 92 | AZ5: 9 | BA5: 100 | BB5: 2.1487901e+15 | BC5: 8.2336197e+15 | BD5: 9 | BE5: 0.13043478260869565
A6: PR_Baeten et al. 2010_Baeten Belgium vegetation recovery_p13_NA | B6: PR | C6: Baeten et al. 2010_Baeten Belgium vegetation recovery_p13_NA | D6: PR_Baeten et al. 2010_Baeten Belgium vegetation recovery | E6: PR_Baeten et al. 2010_Baeten Belgium vegetation recovery | F6: Baeten et al. 2010 | G6: Baeten Belgium vegetation recovery | H6: p13 | I6: NA | J6: p13 | K6: 51116535 | L6: 3242265 | M6: 5 | N6: 5 | O6: 2006 | P6: exact | Q6: recovering | R6: woody and herbaceous | S6: presence | T6: abundance | U6: diameter stem base for woody and percent cover for herbaceous. Joint results are in percentaje cover | V6: no | W6: fixed plots/quadrats | X6: 1 | Y6: NA | Z6: 1 | AA6: 71 | AB6: 1 | AC6: deforestation and reforestation phases. 4.4% remaining forest cover | AD6: NA | AE6: intensive maize crop | AF6: bought for passive restoration | AG6: 1 | AH6: NA | AI6: Plots are aggregated but we do not know how | AJ6: NA | AK6: Belgium | AL6: vascular plants | AM6: mix | AN6: cultivation | AO6: protection | AP6: NA | AQ6: NA | AR6: none | AS6: 0 | AT6: 1 | AU6: none | AV6: protection | AW6: community | AX6: species | AY6: 92 | AZ6: 11 | BA6: 3.28 | BB6: 1.9742284e+16 | BC6: 8.4288083e+15 | BD6: 9 | BE6: 0.13043478260869565
A7: PR_Baeten et al. 2010_Baeten Belgium vegetation recovery_p14_NA | B7: PR | C7: Baeten et al. 2010_Baeten Belgium vegetation recovery_p14_NA | D7: PR_Baeten et al. 2010_Baeten Belgium vegetation recovery | E7: PR_Baeten et al. 2010_Baeten Belgium vegetation recovery | F7: Baeten et al. 2010 | G7: Baeten Belgium vegetation recovery | H7: p14 | I7: NA | J7: p14 | K7: 51116813 | L7: 3242824 | M7: 5 | N7: 5 | O7: 2006 | P7: exact | Q7: recovering | R7: woody and herbaceous | S7: presence | T7: abundance | U7: diameter stem base for woody and percent cover for herbaceous. Joint results are in percentaje cover | V7: no | W7: fixed plots/quadrats | X7: 1 | Y7: NA | Z7: 1 | AA7: 71 | AB7: 1 | AC7: deforestation and reforestation phases. 4.4% remaining forest cover | AD7: NA | AE7: intensive maize crop | AF7: bought for passive restoration | AG7: 1 | AH7: NA | AI7: Plots are aggregated but we do not know how | AJ7: NA | AK7: Belgium | AL7: vascular plants | AM7: mix | AN7: cultivation | AO7: protection | AP7: NA | AQ7: NA | AR7: none | AS7: 0 | AT7: 1 | AU7: none | AV7: protection | AW7: community | AX7: species | AY7: 92 | AZ7: 7 | BA7: 80.1 | BB7: 1.139218e+15 | BC7: 636054854 | BD7: 6 | BE7: 0.13043478260869565
A8: PR_Baeten et al. 2010_Baeten Belgium vegetation recovery_p15_NA | B8: PR | C8: Baeten et al. 2010_Baeten Belgium vegetation recovery_p15_NA | D8: PR_Baeten et al. 2010_Baeten Belgium vegetation recovery | E8: PR_Baeten et al. 2010_Baeten Belgium vegetation recovery | F8: Baeten et al. 2010 | G8: Baeten Belgium vegetation recovery | H8: p15 | I8: NA | J8: p15 | K8: 51117118 | L8: 3243383 | M8: 5 | N8: 5 | O8: 2006 | P8: exact | Q8: recovering | R8: woody and herbaceous | S8: presence | T8: abundance | U8: diameter stem base for woody and percent cover for herbaceous. Joint results are in percentaje cover | V8: no | W8: fixed plots/quadrats | X8: 1 | Y8: NA | Z8: 1 | AA8: 71 | AB8: 1 | AC8: deforestation and reforestation phases. 4.4% remaining forest cover | AD8: NA | AE8: intensive maize crop | AF8: bought for passive restoration | AG8: 1 | AH8: NA | AI8: Plots are aggregated but we do not know how | AJ8: NA | AK8: Belgium | AL8: vascular plants | AM8: mix | AN8: cultivation | AO8: protection | AP8: NA | AQ8: NA | AR8: none | AS8: 0 | AT8: 1 | AU8: none | AV8: protection | AW8: community | AX8: species | AY8: 92 | AZ8: 8 | BA8: 5.56 | BB8: 1.7977107e+16 | BC8: 646698456 | BD8: 6 | BE8: 0.13043478260869565
A9: PR_Baeten et al. 2010_Baeten Belgium vegetation recovery_p16_NA | B9: PR | C9: Baeten et al. 2010_Baeten Belgium vegetation recovery_p16_NA | D9: PR_Baeten et al. 2010_Baeten Belgium vegetation recovery | E9: PR_Baeten et al. 2010_Baeten Belgium vegetation recovery | F9: Baeten et al. 2010 | G9: Baeten Belgium vegetation recovery | H9: p16 | I9: NA | J9: p16 | K9: 51116424 | L9: 3243893 | M9: 3 | N9: 3 | O9: 2006 | P9: exact | Q9: recovering | R9: woody and herbaceous | S9: presence | T9: abundance | U9: diameter stem base for woody and percent cover for herbaceous. Joint results are in percentaje cover | V9: no | W9: fixed plots/quadrats | X9: 1 | Y9: NA | Z9: 1 | AA9: 71 | AB9: 1 | AC9: deforestation and reforestation phases. 4.4% remaining forest cover | AD9: NA | AE9: intensive maize crop | AF9: bought for passive restoration | AG9: 1 | AH9: NA | AI9: Plots are aggregated but we do not know how | AJ9: NA | AK9: Belgium | AL9: vascular plants | AM9: mix | AN9: cultivation | AO9: protection | AP9: NA | AQ9: NA | AR9: none | AS9: 0 | AT9: 1 | AU9: none | AV9: protection | AW9: community | AX9: species | AY9: 92 | AZ9: 16 | BA9: 53.69 | BB9: 2.8691852e+16 | BC9: 954461839 | BD9: 13 | BE9: 0.13043478260869565
A10: PR_Baeten et al. 2010_Baeten Belgium vegetation recovery_p17_NA | B10: PR | C10: Baeten et al. 2010_Baeten Belgium vegetation recovery_p17_NA | D10: PR_Baeten et al. 2010_Baeten Belgium vegetation recovery | E10: PR_Baeten et al. 2010_Baeten Belgium vegetation recovery | F10: Baeten et al. 2010 | G10: Baeten Belgium vegetation recovery | H10: p17 | I10: NA | J10: p17 | K10: 51116353 | L10: 3243536 | M10: 3 | N10: 3 | O10: 2006 | P10: exact | Q10: recovering | R10: woody and herbaceous | S10: presence | T10: abundance | U10: diameter stem base for woody and percent cover for herbaceous. Joint results are in percentaje cover | V10: no | W10: fixed plots/quadrats | X10: 1 | Y10: NA | Z10: 1 | AA10: 71 | AB10: 1 | AC10: deforestation and reforestation phases. 4.4% remaining forest cover | AD10: NA | AE10: intensive maize crop | AF10: bought for passive restoration | AG10: 1 | AH10: NA | AI10: Plots are aggregated but we do not know how | AJ10: NA | AK10: Belgium | AL10: vascular plants | AM10: mix | AN10: cultivation | AO10: protection | AP10: NA | AQ10: NA | AR10: none | AS10: 0 | AT10: 1 | AU10: none | AV10: protection | AW10: community | AX10: species | AY10: 92 | AZ10: 13 | BA10: 26.1 | BB10: 2.962306e+16 | BC10: 6100192 | BD10: 10 | BE10: 0.13043478260869565
A11: PR_Baeten et al. 2010_Baeten Belgium vegetation recovery_p18_NA | B11: PR | C11: Baeten et al. 2010_Baeten Belgium vegetation recovery_p18_NA | D11: PR_Baeten et al. 2010_Baeten Belgium vegetation recovery | E11: PR_Baeten et al. 2010_Baeten Belgium vegetation recovery | F11: Baeten et al. 2010 | G11: Baeten Belgium vegetation recovery | H11: p18 | I11: NA | J11: p18 | K11: 51116237 | L11: 3243192 | M11: 3 | N11: 3 | O11: 2006 | P11: exact | Q11: recovering | R11: woody and herbaceous | S11: presence | T11: abundance | U11: diameter stem base for woody and percent cover for herbaceous. Joint results are in percentaje cover | V11: no | W11: fixed plots/quadrats | X11: 1 | Y11: NA | Z11: 1 | AA11: 71 | AB11: 1 | AC11: deforestation and reforestation phases. 4.4% remaining forest cover | AD11: NA | AE11: intensive maize crop | AF11: bought for passive restoration | AG11: 1 | AH11: NA | AI11: Plots are aggregated but we do not know how | AJ11: NA | AK11: Belgium | AL11: vascular plants | AM11: mix | AN11: cultivation | AO11: protection | AP11: NA | AQ11: NA | AR11: none | AS11: 0 | AT11: 1 | AU11: none | AV11: protection | AW11: community | AX11: species | AY11: 92 | AZ11: 21 | BA11: 78.2 | BB11: 2.922291e+16 | BC11: 1073556722 | BD11: 18 | BE11: 0.13043478260869565
A12: PR_Baeten et al. 2010_Baeten Belgium vegetation recovery_p19_NA | B12: PR | C12: Baeten et al. 2010_Baeten Belgium vegetation recovery_p19_NA | D12: PR_Baeten et al. 2010_Baeten Belgium vegetation recovery | E12: PR_Baeten et al. 2010_Baeten Belgium vegetation recovery | F12: Baeten et al. 2010 | G12: Baeten Belgium vegetation recovery | H12: p19 | I12: NA | J12: p19 | K12: 51116112 | L12: 3242863 | M12: 3 | N12: 3 | O12: 2006 | P12: exact | Q12: recovering | R12: woody and herbaceous | S12: presence | T12: abundance | U12: diameter stem base for woody and percent cover for herbaceous. Joint results are in percentaje cover | V12: no | W12: fixed plots/quadrats | X12: 1 | Y12: NA | Z12: 1 | AA12: 71 | AB12: 1 | AC12: deforestation and reforestation phases. 4.4% remaining forest cover | AD12: NA | AE12: intensive maize crop | AF12: bought for passive restoration | AG12: 1 | AH12: NA | AI12: Plots are aggregated but we do not know how | AJ12: NA | AK12: Belgium | AL12: vascular plants | AM12: mix | AN12: cultivation | AO12: protection | AP12: NA | AQ12: NA | AR12: none | AS12: 0 | AT12: 1 | AU12: none | AV12: protection | AW12: community | AX12: species | AY12: 92 | AZ12: 20 | BA12: 35745 | BB12: 2.9379187e+16 | BC12: 796903057 | BD12: 14 | BE12: 0.13043478260869565
A13: PR_Baeten et al. 2010_Baeten Belgium vegetation recovery_p2_NA | B13: PR | C13: Baeten et al. 2010_Baeten Belgium vegetation recovery_p2_NA | D13: PR_Baeten et al. 2010_Baeten Belgium vegetation recovery | E13: PR_Baeten et al. 2010_Baeten Belgium vegetation recovery | F13: Baeten et al. 2010 | G13: Baeten Belgium vegetation recovery | H13: p2 | I13: NA | J13: p2 | K13: 51122716 | L13: 3222979 | M13: 2 | N13: 2 | O13: 2006 | P13: exact | Q13: recovering | R13: woody and herbaceous | S13: presence | T13: abundance | U13: diameter stem base for woody and percent cover for herbaceous. Joint results are in percentaje cover | V13: no | W13: fixed plots/quadrats | X13: 1 | Y13: NA | Z13: 1 | AA13: 71 | AB13: 1 | AC13: deforestation and reforestation phases. 4.4% remaining forest cover | AD13: NA | AE13: productive grassland | AF13: bought for passive restoration | AG13: 1 | AH13: NA | AI13: Plots are aggregated but we do not know how | AJ13: NA | AK13: Belgium | AL13: vascular plants | AM13: mix | AN13: animal farming | AO13: protection | AP13: NA | AQ13: NA | AR13: none | AS13: 0 | AT13: 1 | AU13: none | AV13: protection | AW13: community | AX13: species | AY13: 92 | AZ13: 16 | BA13: 27.36 | BB13: 2.4598976e+15 | BC13: 8193504458 | BD13: 13 | BE13: 0.13043478260869565
A14: PR_Baeten et al. 2010_Baeten Belgium vegetation recovery_p20_NA | B14: PR | C14: Baeten et al. 2010_Baeten Belgium vegetation recovery_p20_NA | D14: PR_Baeten et al. 2010_Baeten Belgium vegetation recovery | E14: PR_Baeten et al. 2010_Baeten Belgium vegetation recovery | F14: Baeten et al. 2010 | G14: Baeten Belgium vegetation recovery | H14: p20 | I14: NA | J14: p20 | K14: 51116262 | L14: 3244078 | M14: 3 | N14: 3 | O14: 2006 | P14: exact | Q14: recovering | R14: woody and herbaceous | S14: presence | T14: abundance | U14: diameter stem base for woody and percent cover for herbaceous. Joint results are in percentaje cover | V14: no | W14: fixed plots/quadrats | X14: 1 | Y14: NA | Z14: 1 | AA14: 71 | AB14: 1 | AC14: deforestation and reforestation phases. 4.4% remaining forest cover | AD14: NA | AE14: intensive maize crop | AF14: bought for passive restoration | AG14: 1 | AH14: NA | AI14: Plots are aggregated but we do not know how | AJ14: NA | AK14: Belgium | AL14: vascular plants | AM14: mix | AN14: cultivation | AO14: protection | AP14: NA | AQ14: NA | AR14: none | AS14: 0 | AT14: 1 | AU14: none | AV14: protection | AW14: community | AX14: species | AY14: 92 | AZ14: 23 | BA14: 35.1 | BB14: 3.2735606e+16 | BC14: 12442029638 | BD14: 18 | BE14: 0.13043478260869565
A15: PR_Baeten et al. 2010_Baeten Belgium vegetation recovery_p21_NA | B15: PR | C15: Baeten et al. 2010_Baeten Belgium vegetation recovery_p21_NA | D15: PR_Baeten et al. 2010_Baeten Belgium vegetation recovery | E15: PR_Baeten et al. 2010_Baeten Belgium vegetation recovery | F15: Baeten et al. 2010 | G15: Baeten Belgium vegetation recovery | H15: p21 | I15: NA | J15: p21 | K15: 51116128 | L15: 3243749 | M15: 3 | N15: 3 | O15: 2006 | P15: exact | Q15: recovering | R15: woody and herbaceous | S15: presence | T15: abundance | U15: diameter stem base for woody and percent cover for herbaceous. Joint results are in percentaje cover | V15: no | W15: fixed plots/quadrats | X15: 1 | Y15: NA | Z15: 1 | AA15: 71 | AB15: 1 | AC15: deforestation and reforestation phases. 4.4% remaining forest cover | AD15: NA | AE15: intensive maize crop | AF15: bought for passive restoration | AG15: 1 | AH15: NA | AI15: Plots are aggregated but we do not know how | AJ15: NA | AK15: Belgium | AL15: vascular plants | AM15: mix | AN15: cultivation | AO15: protection | AP15: NA | AQ15: NA | AR15: none | AS15: 0 | AT15: 1 | AU15: none | AV15: protection | AW15: community | AX15: species | AY15: 92 | AZ15: 18 | BA15: 76.35 | BB15: 2.5785492e+15 | BC15: 8219206352 | BD15: 14 | BE15: 0.13043478260869565
A16: PR_Baeten et al. 2010_Baeten Belgium vegetation recovery_p22_NA | B16: PR | C16: Baeten et al. 2010_Baeten Belgium vegetation recovery_p22_NA | D16: PR_Baeten et al. 2010_Baeten Belgium vegetation recovery | E16: PR_Baeten et al. 2010_Baeten Belgium vegetation recovery | F16: Baeten et al. 2010 | G16: Baeten Belgium vegetation recovery | H16: p22 | I16: NA | J16: p22 | K16: 51115985 | L16: 3243391 | M16: 3 | N16: 3 | O16: 2006 | P16: exact | Q16: recovering | R16: woody and herbaceous | S16: presence | T16: abundance | U16: diameter stem base for woody and percent cover for herbaceous. Joint results are in percentaje cover | V16: no | W16: fixed plots/quadrats | X16: 1 | Y16: NA | Z16: 1 | AA16: 71 | AB16: 1 | AC16: deforestation and reforestation phases. 4.4% remaining forest cover | AD16: NA | AE16: intensive maize crop | AF16: bought for passive restoration | AG16: 1 | AH16: NA | AI16: Plots are aggregated but we do not know how | AJ16: NA | AK16: Belgium | AL16: vascular plants | AM16: mix | AN16: cultivation | AO16: protection | AP16: NA | AQ16: NA | AR16: none | AS16: 0 | AT16: 1 | AU16: none | AV16: protection | AW16: community | AX16: species | AY16: 92 | AZ16: 19 | BA16: 46.13 | BB16: 2.6772412e+16 | BC16: 8.5350145e+15 | BD16: 14 | BE16: 0.13043478260869565
A17: PR_Baeten et al. 2010_Baeten Belgium vegetation recovery_p23_NA | B17: PR | C17: Baeten et al. 2010_Baeten Belgium vegetation recovery_p23_NA | D17: PR_Baeten et al. 2010_Baeten Belgium vegetation recovery | E17: PR_Baeten et al. 2010_Baeten Belgium vegetation recovery | F17: Baeten et al. 2010 | G17: Baeten Belgium vegetation recovery | H17: p23 | I17: NA | J17: p23 | K17: 51115868 | L17: 3243062 | M17: 3 | N17: 3 | O17: 2006 | P17: exact | Q17: recovering | R17: woody and herbaceous | S17: presence | T17: abundance | U17: diameter stem base for woody and percent cover for herbaceous. Joint results are in percentaje cover | V17: no | W17: fixed plots/quadrats | X17: 1 | Y17: NA | Z17: 1 | AA17: 71 | AB17: 1 | AC17: deforestation and reforestation phases. 4.4% remaining forest cover | AD17: NA | AE17: intensive maize crop | AF17: bought for passive restoration | AG17: 1 | AH17: NA | AI17: Plots are aggregated but we do not know how | AJ17: NA | AK17: Belgium | AL17: vascular plants | AM17: mix | AN17: cultivation | AO17: protection | AP17: NA | AQ17: NA | AR17: none | AS17: 0 | AT17: 1 | AU17: none | AV17: protection | AW17: community | AX17: species | AY17: 92 | AZ17: 18 | BA17: 66.37 | BB17: 3.0301174e+15 | BC17: 1108285626 | BD17: 15 | BE17: 0.13043478260869565
A18: PR_Baeten et al. 2010_Baeten Belgium vegetation recovery_p24_NA | B18: PR | C18: Baeten et al. 2010_Baeten Belgium vegetation recovery_p24_NA | D18: PR_Baeten et al. 2010_Baeten Belgium vegetation recovery | E18: PR_Baeten et al. 2010_Baeten Belgium vegetation recovery | F18: Baeten et al. 2010 | G18: Baeten Belgium vegetation recovery | H18: p24 | I18: NA | J18: p24 | K18: 51115716 | L18: 3242704 | M18: 3 | N18: 3 | O18: 2006 | P18: exact | Q18: recovering | R18: woody and herbaceous | S18: presence | T18: abundance | U18: diameter stem base for woody and percent cover for herbaceous. Joint results are in percentaje cover | V18: no | W18: fixed plots/quadrats | X18: 1 | Y18: NA | Z18: 1 | AA18: 71 | AB18: 1 | AC18: deforestation and reforestation phases. 4.4% remaining forest cover | AD18: NA | AE18: intensive maize crop | AF18: bought for passive restoration | AG18: 1 | AH18: NA | AI18: Plots are aggregated but we do not know how | AJ18: NA | AK18: Belgium | AL18: vascular plants | AM18: mix | AN18: cultivation | AO18: protection | AP18: NA | AQ18: NA | AR18: none | AS18: 0 | AT18: 1 | AU18: none | AV18: protection | AW18: community | AX18: species | AY18: 92 | AZ18: 13 | BA18: 96.48 | BB18: 1.0165493e+16 | BC18: 1158551181 | BD18: 12 | BE18: 0.13043478260869565
A19: PR_Baeten et al. 2010_Baeten Belgium vegetation recovery_p25_NA | B19: PR | C19: Baeten et al. 2010_Baeten Belgium vegetation recovery_p25_NA | D19: PR_Baeten et al. 2010_Baeten Belgium vegetation recovery | E19: PR_Baeten et al. 2010_Baeten Belgium vegetation recovery | F19: Baeten et al. 2010 | G19: Baeten Belgium vegetation recovery | H19: p25 | I19: NA | J19: p25 | K19: 51115582 | L19: 324236 | M19: 3 | N19: 3 | O19: 2006 | P19: exact | Q19: recovering | R19: woody and herbaceous | S19: presence | T19: abundance | U19: diameter stem base for woody and percent cover for herbaceous. Joint results are in percentaje cover | V19: no | W19: fixed plots/quadrats | X19: 1 | Y19: NA | Z19: 1 | AA19: 71 | AB19: 1 | AC19: deforestation and reforestation phases. 4.4% remaining forest cover | AD19: NA | AE19: intensive maize crop | AF19: bought for passive restoration | AG19: 1 | AH19: NA | AI19: Plots are aggregated but we do not know how | AJ19: NA | AK19: Belgium | AL19: vascular plants | AM19: mix | AN19: cultivation | AO19: protection | AP19: NA | AQ19: NA | AR19: none | AS19: 0 | AT19: 1 | AU19: none | AV19: protection | AW19: community | AX19: species | AY19: 92 | AZ19: 14 | BA19: 45.97 | BB19: 2.3577913e+16 | BC19: 648844491 | BD19: 9 | BE19: 0.13043478260869565
A20: PR_Baeten et al. 2010_Baeten Belgium vegetation recovery_p26_NA | B20: PR | C20: Baeten et al. 2010_Baeten Belgium vegetation recovery_p26_NA | D20: PR_Baeten et al. 2010_Baeten Belgium vegetation recovery | E20: PR_Baeten et al. 2010_Baeten Belgium vegetation recovery | F20: Baeten et al. 2010 | G20: Baeten Belgium vegetation recovery | H20: p26 | I20: NA | J20: p26 | K20: 51115439 | L20: 3242017 | M20: 3 | N20: 3 | O20: 2006 | P20: exact | Q20: recovering | R20: woody and herbaceous | S20: presence | T20: abundance | U20: diameter stem base for woody and percent cover for herbaceous. Joint results are in percentaje cover | V20: no | W20: fixed plots/quadrats | X20: 1 | Y20: NA | Z20: 1 | AA20: 71 | AB20: 1 | AC20: deforestation and reforestation phases. 4.4% remaining forest cover | AD20: NA | AE20: intensive maize crop | AF20: bought for passive restoration | AG20: 1 | AH20: NA | AI20: Plots are aggregated but we do not know how | AJ20: NA | AK20: Belgium | AL20: vascular plants | AM20: mix | AN20: cultivation | AO20: protection | AP20: NA | AQ20: NA | AR20: none | AS20: 0 | AT20: 1 | AU20: none | AV20: protection | AW20: community | AX20: species | AY20: 92 | AZ20: 12 | BA20: 75.02 | BB20: 2.7060826e+16 | BC20: 675283187 | BD20: 10 | BE20: 0.13043478260869565
A21: PR_Baeten et al. 2010_Baeten Belgium vegetation recovery_p27_NA | B21: PR | C21: Baeten et al. 2010_Baeten Belgium vegetation recovery_p27_NA | D21: PR_Baeten et al. 2010_Baeten Belgium vegetation recovery | E21: PR_Baeten et al. 2010_Baeten Belgium vegetation recovery | F21: Baeten et al. 2010 | G21: Baeten Belgium vegetation recovery | H21: p27 | I21: NA | J21: p27 | K21: 51115287 | L21: 3241659 | M21: 3 | N21: 3 | O21: 2006 | P21: exact | Q21: recovering | R21: woody and herbaceous | S21: presence | T21: abundance | U21: diameter stem base for woody and percent cover for herbaceous. Joint results are in percentaje cover | V21: no | W21: fixed plots/quadrats | X21: 1 | Y21: NA | Z21: 1 | AA21: 71 | AB21: 1 | AC21: deforestation and reforestation phases. 4.4% remaining forest cover | AD21: NA | AE21: intensive maize crop | AF21: bought for passive restoration | AG21: 1 | AH21: NA | AI21: Plots are aggregated but we do not know how | AJ21: NA | AK21: Belgium | AL21: vascular plants | AM21: mix | AN21: cultivation | AO21: protection | AP21: NA | AQ21: NA | AR21: none | AS21: 0 | AT21: 1 | AU21: none | AV21: protection | AW21: community | AX21: species | AY21: 92 | AZ21: 17 | BA21: 46.87 | BB21: 3.0873053e+15 | BC21: 813508484 | BD21: 13 | BE21: 0.13043478260869565
A22: PR_Baeten et al. 2010_Baeten Belgium vegetation recovery_p28_NA | B22: PR | C22: Baeten et al. 2010_Baeten Belgium vegetation recovery_p28_NA | D22: PR_Baeten et al. 2010_Baeten Belgium vegetation recovery | E22: PR_Baeten et al. 2010_Baeten Belgium vegetation recovery | F22: Baeten et al. 2010 | G22: Baeten Belgium vegetation recovery | H22: p28 | I22: NA | J22: p28 | K22: 51115179 | L22: 3241344 | M22: 3 | N22: 3 | O22: 2006 | P22: exact | Q22: recovering | R22: woody and herbaceous | S22: presence | T22: abundance | U22: diameter stem base for woody and percent cover for herbaceous. Joint results are in percentaje cover | V22: no | W22: fixed plots/quadrats | X22: 1 | Y22: NA | Z22: 1 | AA22: 71 | AB22: 1 | AC22: deforestation and reforestation phases. 4.4% remaining forest cover | AD22: NA | AE22: intensive maize crop | AF22: bought for passive restoration | AG22: 1 | AH22: NA | AI22: Plots are aggregated but we do not know how | AJ22: NA | AK22: Belgium | AL22: vascular plants | AM22: mix | AN22: cultivation | AO22: protection | AP22: NA | AQ22: NA | AR22: none | AS22: 0 | AT22: 1 | AU22: none | AV22: protection | AW22: community | AX22: species | AY22: 92 | AZ22: 19 | BA22: 74.72 | BB22: 1.6942634e+15 | BC22: 936334162 | BD22: 13 | BE22: 0.13043478260869565
A23: PR_Baeten et al. 2010_Baeten Belgium vegetation recovery_p29_NA | B23: PR | C23: Baeten et al. 2010_Baeten Belgium vegetation recovery_p29_NA | D23: PR_Baeten et al. 2010_Baeten Belgium vegetation recovery | E23: PR_Baeten et al. 2010_Baeten Belgium vegetation recovery | F23: Baeten et al. 2010 | G23: Baeten Belgium vegetation recovery | H23: p29 | I23: NA | J23: p29 | K23: 51112365 | L23: 3245458 | M23: 1 | N23: 1 | O23: 2006 | P23: exact | Q23: recovering | R23: woody and herbaceous | S23: presence | T23: abundance | U23: diameter stem base for woody and percent cover for herbaceous. Joint results are in percentaje cover | V23: no | W23: fixed plots/quadrats | X23: 1 | Y23: NA | Z23: 1 | AA23: 71 | AB23: 1 | AC23: deforestation and reforestation phases. 4.4% remaining forest cover | AD23: NA | AE23: productive grassland | AF23: bought for passive restoration | AG23: 1 | AH23: NA | AI23: Plots are aggregated but we do not know how | AJ23: NA | AK23: Belgium | AL23: vascular plants | AM23: mix | AN23: animal farming | AO23: protection | AP23: NA | AQ23: NA | AR23: none | AS23: 0 | AT23: 1 | AU23: none | AV23: protection | AW23: community | AX23: species | AY23: 92 | AZ23: 16 | BA23: 44.92 | BB23: 1.3798559e+15 | BC23: 10451213648 | BD23: 14 | BE23: 0.13043478260869565
A24: PR_Baeten et al. 2010_Baeten Belgium vegetation recovery_p3_NA | B24: PR | C24: Baeten et al. 2010_Baeten Belgium vegetation recovery_p3_NA | D24: PR_Baeten et al. 2010_Baeten Belgium vegetation recovery | E24: PR_Baeten et al. 2010_Baeten Belgium vegetation recovery | F24: Baeten et al. 2010 | G24: Baeten Belgium vegetation recovery | H24: p3 | I24: NA | J24: p3 | K24: 51123056 | L24: 3223581 | M24: 2 | N24: 2 | O24: 2006 | P24: exact | Q24: recovering | R24: woody and herbaceous | S24: presence | T24: abundance | U24: diameter stem base for woody and percent cover for herbaceous. Joint results are in percentaje cover | V24: no | W24: fixed plots/quadrats | X24: 1 | Y24: NA | Z24: 1 | AA24: 71 | AB24: 1 | AC24: deforestation and reforestation phases. 4.4% remaining forest cover | AD24: NA | AE24: productive grassland | AF24: bought for passive restoration | AG24: 1 | AH24: NA | AI24: Plots are aggregated but we do not know how | AJ24: NA | AK24: Belgium | AL24: vascular plants | AM24: mix | AN24: animal farming | AO24: protection | AP24: NA | AQ24: NA | AR24: none | AS24: 0 | AT24: 1 | AU24: none | AV24: protection | AW24: community | AX24: species | AY24: 92 | AZ24: 14 | BA24: 44.14 | BB24: 2.9696016e+15 | BC24: 742332007 | BD24: 11 | BE24: 0.13043478260869565
... A27: PR_Baeten et al. 2010_Baeten Belgium vegetation recovery_p32_NA | B27: PR | C27: Baeten et al. 2010_Baeten Belgium vegetation recovery_p32_NA | D27: PR_Baeten et al. 2010_Baeten Belgium vegetation recovery | E27: PR_Baeten et al. 2010_Baeten Belgium vegetation recovery | F27: Baeten et al. 2010 | G27: Baeten Belgium vegetation recovery | H27: p32 | I27: NA | J27: p32 | K27: 5111189 | L27: 3244784 | M27: 1 | N27: 1 | O27: 2006 | P27: exact | Q27: recovering | R27: woody and herbaceous | S27: presence | T27: abundance | U27: diameter stem base for woody and percent cover for herbaceous. Joint results are in percentaje cover | V27: no | W27: fixed plots/quadrats | X27: 1 | Y27: NA | Z27: 1 | AA27: 71 | AB27: 1 | AC27: deforestation and reforestation phases. 4.4% remaining forest cover | AD27: NA | AE27: productive grassland | AF27: bought for passive restoration | AG27: 1 | AH27: NA | AI27: Plots are aggregated but we do not know how | AJ27: NA | AK27: Belgium | AL27: vascular plants | AM27: mix | AN27: animal farming | AO27: protection | AP27: NA | AQ27: NA | AR27: none | AS27: 0 | AT27: 1 | AU27: none | AV27: protection | AW27: community | AX27: species | AY27: 92 | AZ27: 14 | BA27: 76.28 | BB27: 2.3699292e+15 | BC27: 8.5911634e+15 | BD27: 10 | BE27: 0.13043478260869565
A28: PR_Baeten et al. 2010_Baeten Belgium vegetation recovery_p33_NA | B28: PR | C28: Baeten et al. 2010_Baeten Belgium vegetation recovery_p33_NA | D28: PR_Baeten et al. 2010_Baeten Belgium vegetation recovery | E28: PR_Baeten et al. 2010_Baeten Belgium vegetation recovery | F28: Baeten et al. 2010 | G28: Baeten Belgium vegetation recovery | H28: p33 | I28: NA | J28: p33 | K28: 51111756 | L28: 3244426 | M28: 1 | N28: 1 | O28: 2006 | P28: exact | Q28: recovering | R28: woody and herbaceous | S28: presence | T28: abundance | U28: diameter stem base for woody and percent cover for herbaceous. Joint results are in percentaje cover | V28: no | W28: fixed plots/quadrats | X28: 1 | Y28: NA | Z28: 1 | AA28: 71 | AB28: 1 | AC28: deforestation and reforestation phases. 4.4% remaining forest cover | AD28: NA | AE28: productive grassland | AF28: bought for passive restoration | AG28: 1 | AH28: NA | AI28: Plots are aggregated but we do not know how | AJ28: NA | AK28: Belgium | AL28: vascular plants | AM28: mix | AN28: animal farming | AO28: protection | AP28: NA | AQ28: NA | AR28: none | AS28: 0 | AT28: 1 | AU28: none | AV28: protection | AW28: community | AX28: species | AY28: 92 | AZ28: 9 | BA28: 100 | BB28: 1.2159205e+16 | BC28: 83438771 | BD28: 9 | BE28: 0.13043478260869565
A29: PR_Baeten et al. 2010_Baeten Belgium vegetation recovery_p34_NA | B29: PR | C29: Baeten et al. 2010_Baeten Belgium vegetation recovery_p34_NA | D29: PR_Baeten et al. 2010_Baeten Belgium vegetation recovery | E29: PR_Baeten et al. 2010_Baeten Belgium vegetation recovery | F29: Baeten et al. 2010 | G29: Baeten Belgium vegetation recovery | H29: p34 | I29: NA | J29: p34 | K29: 51111683 | L29: 3245011 | M29: 1 | N29: 1 | O29: 2006 | P29: exact | Q29: recovering | R29: woody and herbaceous | S29: presence | T29: abundance | U29: diameter stem base for woody and percent cover for herbaceous. Joint results are in percentaje cover | V29: no | W29: fixed plots/quadrats | X29: 1 | Y29: NA | Z29: 1 | AA29: 71 | AB29: 1 | AC29: deforestation and reforestation phases. 4.4% remaining forest cover | AD29: NA | AE29: productive grassland | AF29: bought for passive restoration | AG29: 1 | AH29: NA | AI29: Plots are aggregated but we do not know how | AJ29: NA | AK29: Belgium | AL29: vascular plants | AM29: mix | AN29: animal farming | AO29: protection | AP29: NA | AQ29: NA | AR29: none | AS29: 0 | AT29: 1 | AU29: none | AV29: protection | AW29: community | AX29: species | AY29: 92 | AZ29: 10 | BA29: 100 | BB29: 2.1334696e+15 | BC29: 763083031 | BD29: 9 | BE29: 0.13043478260869565
A30: PR_Baeten et al. 2010_Baeten Belgium vegetation recovery_p35_NA | B30: PR | C30: Baeten et al. 2010_Baeten Belgium vegetation recovery_p35_NA | D30: PR_Baeten et al. 2010_Baeten Belgium vegetation recovery | E30: PR_Baeten et al. 2010_Baeten Belgium vegetation recovery | F30: Baeten et al. 2010 | G30: Baeten Belgium vegetation recovery | H30: p35 | I30: NA | J30: p35 | K30: 51111531 | L30: 3244725 | M30: 1 | N30: 1 | O30: 2006 | P30: exact | Q30: recovering | R30: woody and herbaceous | S30: presence | T30: abundance | U30: diameter stem base for woody and percent cover for herbaceous. Joint results are in percentaje cover | V30: no | W30: fixed plots/quadrats | X30: 1 | Y30: NA | Z30: 1 | AA30: 71 | AB30: 1 | AC30: deforestation and reforestation phases. 4.4% remaining forest cover | AD30: NA | AE30: productive grassland | AF30: bought for passive restoration | AG30: 1 | AH30: NA | AI30: Plots are aggregated but we do not know how | AJ30: NA | AK30: Belgium | AL30: vascular plants | AM30: mix | AN30: animal farming | AO30: protection | AP30: NA | AQ30: NA | AR30: none | AS30: 0 | AT30: 1 | AU30: none | AV30: protection | AW30: community | AX30: species | AY30: 92 | AZ30: 9 | BA30: 100 | BB30: 2.060498e+16 | BC30: 710653155 | BD30: 8 | BE30: 0.13043478260869565
A31: PR_Baeten et al. 2010_Baeten Belgium vegetation recovery_p36_NA | B31: PR | C31: Baeten et al. 2010_Baeten Belgium vegetation recovery_p36_NA | D31: PR_Baeten et al. 2010_Baeten Belgium vegetation recovery | E31: PR_Baeten et al. 2010_Baeten Belgium vegetation recovery | F31: Baeten et al. 2010 | G31: Baeten Belgium vegetation recovery | H31: p36 | I31: NA | J31: p36 | K31: 51111205 | L31: 324568 | M31: 1 | N31: 1 | O31: 2006 | P31: exact | Q31: recovering | R31: woody and herbaceous | S31: presence | T31: abundance | U31: diameter stem base for woody and percent cover for herbaceous. Joint results are in percentaje cover | V31: no | W31: fixed plots/quadrats | X31: 1 | Y31: NA | Z31: 1 | AA31: 71 | AB31: 1 | AC31: deforestation and reforestation phases. 4.4% remaining forest cover | AD31: NA | AE31: productive grassland | AF31: bought for passive restoration | AG31: 1 | AH31: NA | AI31: Plots are aggregated but we do not know how | AJ31: NA | AK31: Belgium | AL31: vascular plants | AM31: mix | AN31: animal farming | AO31: protection | AP31: NA | AQ31: NA | AR31: none | AS31: 0 | AT31: 1 | AU31: none | AV31: protection | AW31: community | AX31: species | AY31: 92 | AZ31: 14 | BA31: 63.13 | BB31: 2.3421327e+15 | BC31: 784891812 | BD31: 11 | BE31: 0.13043478260869565
A32: PR_Baeten et al. 2010_Baeten Belgium vegetation recovery_p37_NA | B32: PR | C32: Baeten et al. 2010_Baeten Belgium vegetation recovery_p37_NA | D32: PR_Baeten et al. 2010_Baeten Belgium vegetation recovery | E32: PR_Baeten et al. 2010_Baeten Belgium vegetation recovery | F32: Baeten et al. 2010 | G32: Baeten Belgium vegetation recovery | H32: p37 | I32: NA | J32: p37 | K32: 5111108 | L32: 3245322 | M32: 1 | N32: 1 | O32: 2006 | P32: exact | Q32: recovering | R32: woody and herbaceous | S32: presence | T32: abundance | U32: diameter stem base for woody and percent cover for herbaceous. Joint results are in percentaje cover | V32: no | W32: fixed plots/quadrats | X32: 1 | Y32: NA | Z32: 1 | AA32: 71 | AB32: 1 | AC32: deforestation and reforestation phases. 4.4% remaining forest cover | AD32: NA | AE32: productive grassland | AF32: bought for passive restoration | AG32: 1 | AH32: NA | AI32: Plots are aggregated but we do not know how | AJ32: NA | AK32: Belgium | AL32: vascular plants | AM32: mix | AN32: animal farming | AO32: protection | AP32: NA | AQ32: NA | AR32: none | AS32: 0 | AT32: 1 | AU32: none | AV32: protection | AW32: community | AX32: species | AY32: 92 | AZ32: 16 | BA32: 59.13 | BB32: 2.4797169e+15 | BC32: 1018059253 | BD32: 14 | BE32: 0.13043478260869565
A33: PR_Baeten et al. 2010_Baeten Belgium vegetation recovery_p38_NA | B33: PR | C33: Baeten et al. 2010_Baeten Belgium vegetation recovery_p38_NA | D33: PR_Baeten et al. 2010_Baeten Belgium vegetation recovery | E33: PR_Baeten et al. 2010_Baeten Belgium vegetation recovery | F33: Baeten et al. 2010 | G33: Baeten Belgium vegetation recovery | H33: p38 | I33: NA | J33: p38 | K33: 5111932 | L33: 3248138 | M33: 4 | N33: 4 | O33: 2006 | P33: exact | Q33: recovering | R33: woody and herbaceous | S33: presence | T33: abundance | U33: diameter stem base for woody and percent cover for herbaceous. Joint results are in percentaje cover | V33: no | W33: fixed plots/quadrats | X33: 1 | Y33: NA | Z33: 1 | AA33: 71 | AB33: 1 | AC33: deforestation and reforestation phases. 4.4% remaining forest cover | AD33: NA | AE33: intensive maize crop | AF33: bought for passive restoration | AG33: 1 | AH33: NA | AI33: Plots are aggregated but we do not know how | AJ33: NA | AK33: Belgium | AL33: vascular plants | AM33: mix | AN33: cultivation | AO33: protection | AP33: NA | AQ33: NA | AR33: none | AS33: 0 | AT33: 1 | AU33: none | AV33: protection | AW33: community | AX33: species | AY33: 92 | AZ33: 16 | BA33: 94 | BB33: 2.5586812e+16 | BC33: 1051556426 | BD33: 13 | BE33: 0.13043478260869565
A34: PR_Baeten et al. 2010_Baeten Belgium vegetation recovery_p39_NA | B34: PR | C34: Baeten et al. 2010_Baeten Belgium vegetation recovery_p39_NA | D34: PR_Baeten et al. 2010_Baeten Belgium vegetation recovery | E34: PR_Baeten et al. 2010_Baeten Belgium vegetation recovery | F34: Baeten et al. 2010 | G34: Baeten Belgium vegetation recovery | H34: p39 | I34: NA | J34: p39 | K34: 5111913 | L34: 3248423 | M34: 4 | N34: 4 | O34: 2006 | P34: exact | Q34: recovering | R34: woody and herbaceous | S34: presence | T34: abundance | U34: diameter stem base for woody and percent cover for herbaceous. Joint results are in percentaje cover | V34: no | W34: fixed plots/quadrats | X34: 1 | Y34: NA | Z34: 1 | AA34: 71 | AB34: 1 | AC34: deforestation and reforestation phases. 4.4% remaining forest cover | AD34: NA | AE34: intensive maize crop | AF34: bought for passive restoration | AG34: 1 | AH34: NA | AI34: Plots are aggregated but we do not know how | AJ34: NA | AK34: Belgium | AL34: vascular plants | AM34: mix | AN34: cultivation | AO34: protection | AP34: NA | AQ34: NA | AR34: none | AS34: 0 | AT34: 1 | AU34: none | AV34: protection | AW34: community | AX34: species | AY34: 92 | AZ34: 12 | BA34: 98.02 | BB34: 1.0099246e+15 | BC34: 788431386 | BD34: 10 | BE34: 0.13043478260869565
A35: PR_Baeten et al. 2010_Baeten Belgium vegetation recovery_p4_NA | B35: PR | C35: Baeten et al. 2010_Baeten Belgium vegetation recovery_p4_NA | D35: PR_Baeten et al. 2010_Baeten Belgium vegetation recovery | E35: PR_Baeten et al. 2010_Baeten Belgium vegetation recovery | F35: Baeten et al. 2010 | G35: Baeten Belgium vegetation recovery | H35: p4 | I35: NA | J35: p4 | K35: 5112396 | L35: 32258 | M35: 4 | N35: 4 | O35: 2006 | P35: exact | Q35: recovering | R35: woody and herbaceous | S35: presence | T35: abundance | U35: diameter stem base for woody and percent cover for herbaceous. Joint results are in percentaje cover | V35: no | W35: fixed plots/quadrats | X35: 1 | Y35: NA | Z35: 1 | AA35: 71 | AB35: 1 | AC35: deforestation and reforestation phases. 4.4% remaining forest cover | AD35: NA | AE35: intensive maize crop | AF35: bought for passive restoration | AG35: 1 | AH35: NA | AI35: Plots are aggregated but we do not know how | AJ35: NA | AK35: Belgium | AL35: vascular plants | AM35: mix | AN35: cultivation | AO35: protection | AP35: NA | AQ35: NA | AR35: none | AS35: 0 | AT35: 1 | AU35: none | AV35: protection | AW35: community | AX35: species | AY35: 92 | AZ35: 11 | BA35: 93.83 | BB35: 1.5860923e+15 | BC35: 69654502 | BD35: 9 | BE35: 0.13043478260869565
A36: PR_Baeten et al. 2010_Baeten Belgium vegetation recovery_p40_NA | B36: PR | C36: Baeten et al. 2010_Baeten Belgium vegetation recovery_p40_NA | D36: PR_Baeten et al. 2010_Baeten Belgium vegetation recovery | E36: PR_Baeten et al. 2010_Baeten Belgium vegetation recovery | F36: Baeten et al. 2010 | G36: Baeten Belgium vegetation recovery | H36: p40 | I36: NA | J36: p40 | K36: 51118941 | L36: 3248622 | M36: 4 | N36: 4 | O36: 2006 | P36: exact | Q36: recovering | R36: woody and herbaceous | S36: presence | T36: abundance | U36: diameter stem base for woody and percent cover for herbaceous. Joint results are in percentaje cover | V36: no | W36: fixed plots/quadrats | X36: 1 | Y36: NA | Z36: 1 | AA36: 71 | AB36: 1 | AC36: deforestation and reforestation phases. 4.4% remaining forest cover | AD36: NA | AE36: intensive maize crop | AF36: bought for passive restoration | AG36: 1 | AH36: NA | AI36: Plots are aggregated but we do not know how | AJ36: NA | AK36: Belgium | AL36: vascular plants | AM36: mix | AN36: cultivation | AO36: protection | AP36: NA | AQ36: NA | AR36: none | AS36: 0 | AT36: 1 | AU36: none | AV36: protection | AW36: community | AX36: species | AY36: 92 | AZ36: 7 | BA36: 97.97 | BB36: 1.0036926e+16 | BC36: 554027153 | BD36: 6 | BE36: 0.13043478260869565
A37: PR_Baeten et al. 2010_Baeten Belgium vegetation recovery_p41_NA | B37: PR | C37: Baeten et al. 2010_Baeten Belgium vegetation recovery_p41_NA | D37: PR_Baeten et al. 2010_Baeten Belgium vegetation recovery | E37: PR_Baeten et al. 2010_Baeten Belgium vegetation recovery | F37: Baeten et al. 2010 | G37: Baeten Belgium vegetation recovery | H37: p41 | I37: NA | J37: p41 | K37: 51118752 | L37: 3248849 | M37: 4 | N37: 4 | O37: 2006 | P37: exact | Q37: recovering | R37: woody and herbaceous | S37: presence | T37: abundance | U37: diameter stem base for woody and percent cover for herbaceous. Joint results are in percentaje cover | V37: no | W37: fixed plots/quadrats | X37: 1 | Y37: NA | Z37: 1 | AA37: 71 | AB37: 1 | AC37: deforestation and reforestation phases. 4.4% remaining forest cover | AD37: NA | AE37: intensive maize crop | AF37: bought for passive restoration | AG37: 1 | AH37: NA | AI37: Plots are aggregated but we do not know how | AJ37: NA | AK37: Belgium | AL37: vascular plants | AM37: mix | AN37: cultivation | AO37: protection | AP37: NA | AQ37: NA | AR37: none | AS37: 0 | AT37: 1 | AU37: none | AV37: protection | AW37: community | AX37: species | AY37: 92 | AZ37: 15 | BA37: 97.13 | BB37: 2.4210744e+16 | BC37: 1064134065 | BD37: 13 | BE37: 0.13043478260869565
A38: PR_Baeten et al. 2010_Baeten Belgium vegetation recovery_p42_NA | B38: PR | C38: Baeten et al. 2010_Baeten Belgium vegetation recovery_p42_NA | D38: PR_Baeten et al. 2010_Baeten Belgium vegetation recovery | E38: PR_Baeten et al. 2010_Baeten Belgium vegetation recovery | F38: Baeten et al. 2010 | G38: Baeten Belgium vegetation recovery | H38: p42 | I38: NA | J38: p42 | K38: 51119436 | L38: 3248467 | M38: 4 | N38: 4 | O38: 2006 | P38: exact | Q38: recovering | R38: woody and herbaceous | S38: presence | T38: abundance | U38: diameter stem base for woody and percent cover for herbaceous. Joint results are in percentaje cover | V38: no | W38: fixed plots/quadrats | X38: 1 | Y38: NA | Z38: 1 | AA38: 71 | AB38: 1 | AC38: deforestation and reforestation phases. 4.4% remaining forest cover | AD38: NA | AE38: intensive maize crop | AF38: bought for passive restoration | AG38: 1 | AH38: NA | AI38: Plots are aggregated but we do not know how | AJ38: NA | AK38: Belgium | AL38: vascular plants | AM38: mix | AN38: cultivation | AO38: protection | AP38: NA | AQ38: NA | AR38: none | AS38: 0 | AT38: 1 | AU38: none | AV38: protection | AW38: community | AX38: species | AY38: 92 | AZ38: 15 | BA38: 100.01 | BB38: 1.9631518e+16 | BC38: 835607748 | BD38: 12 | BE38: 0.13043478260869565
A39: PR_Baeten et al. 2010_Baeten Belgium vegetation recovery_p43_NA | B39: PR | C39: Baeten et al. 2010_Baeten Belgium vegetation recovery_p43_NA | D39: PR_Baeten et al. 2010_Baeten Belgium vegetation recovery | E39: PR_Baeten et al. 2010_Baeten Belgium vegetation recovery | F39: Baeten et al. 2010 | G39: Baeten Belgium vegetation recovery | H39: p43 | I39: NA | J39: p43 | K39: 51119247 | L39: 3248666 | M39: 4 | N39: 4 | O39: 2006 | P39: exact | Q39: recovering | R39: woody and herbaceous | S39: presence | T39: abundance | U39: diameter stem base for woody and percent cover for herbaceous. Joint results are in percentaje cover | V39: no | W39: fixed plots/quadrats | X39: 1 | Y39: NA | Z39: 1 | AA39: 71 | AB39: 1 | AC39: deforestation and reforestation phases. 4.4% remaining forest cover | AD39: NA | AE39: intensive maize crop | AF39: bought for passive restoration | AG39: 1 | AH39: NA | AI39: Plots are aggregated but we do not know how | AJ39: NA | AK39: Belgium | AL39: vascular plants | AM39: mix | AN39: cultivation | AO39: protection | AP39: NA | AQ39: NA | AR39: none | AS39: 0 | AT39: 1 | AU39: none | AV39: protection | AW39: community | AX39: species | AY39: 92 | AZ39: 17 | BA39: 28.75 | BB39: 2.6357697e+16 | BC39: 885424665 | BD39: 13 | BE39: 0.13043478260869565
A40: PR_Baeten et al. 2010_Baeten Belgium vegetation recovery_p44_NA | B40: PR | C40: Baeten et al. 2010_Baeten Belgium vegetation recovery_p44_NA | D40: PR_Baeten et al. 2010_Baeten Belgium vegetation recovery | E40: PR_Baeten et al. 2010_Baeten Belgium vegetation recovery | F40: Baeten et al. 2010 | G40: Baeten Belgium vegetation recovery | H40: p44 | I40: NA | J40: p44 | K40: 51119057 | L40: 3248894 | M40: 4 | N40: 4 | O40: 2006 | P40: exact | Q40: recovering | R40: woody and herbaceous | S40: presence | T40: abundance | U40: diameter stem base for woody and percent cover for herbaceous. Joint results are in percentaje cover | V40: no | W40: fixed plots/quadrats | X40: 1 | Y40: NA | Z40: 1 | AA40: 71 | AB40: 1 | AC40: deforestation and reforestation phases. 4.4% remaining forest cover | AD40: NA | AE40: intensive maize crop | AF40: bought for passive restoration | AG40: 1 | AH40: NA | AI40: Plots are aggregated but we do not know how | AJ40: NA | AK40: Belgium | AL40: vascular plants | AM40: mix | AN40: cultivation | AO40: protection | AP40: NA | AQ40: NA | AR40: none | AS40: 0 | AT40: 1 | AU40: none | AV40: protection | AW40: community | AX40: species | AY40: 92 | AZ40: 14 | BA40: 6.196e+16 | BB40: 2.0856864e+16 | BC40: 747903653 | BD40: 12 | BE40: 0.13043478260869565
A41: PR_Baeten et al. 2010_Baeten Belgium vegetation recovery_p45_NA | B41: PR | C41: Baeten et al. 2010_Baeten Belgium vegetation recovery_p45_NA | D41: PR_Baeten et al. 2010_Baeten Belgium vegetation recovery | E41: PR_Baeten et al. 2010_Baeten Belgium vegetation recovery | F41: Baeten et al. 2010 | G41: Baeten Belgium vegetation recovery | H41: p45 | I41: NA | J41: p45 | K41: 51118868 | L41: 3249179 | M41: 4 | N41: 4 | O41: 2006 | P41: exact | Q41: recovering | R41: woody and herbaceous | S41: presence | T41: abundance | U41: diameter stem base for woody and percent cover for herbaceous. Joint results are in percentaje cover | V41: no | W41: fixed plots/quadrats | X41: 1 | Y41: NA | Z41: 1 | AA41: 71 | AB41: 1 | AC41: deforestation and reforestation phases. 4.4% remaining forest cover | AD41: NA | AE41: intensive maize crop | AF41: bought for passive restoration | AG41: 1 | AH41: NA | AI41: Plots are aggregated but we do not know how | AJ41: NA | AK41: Belgium | AL41: vascular plants | AM41: mix | AN41: cultivation | AO41: protection | AP41: NA | AQ41: NA | AR41: none | AS41: 0 | AT41: 1 | AU41: none | AV41: protection | AW41: community | AX41: species | AY41: 92 | AZ41: 9 | BA41: 91.02 | BB41: 0.9614489100033112 | BC41: 57636734 | BD41: 8 | BE41: 0.13043478260869565
A42: PR_Baeten et al. 2010_Baeten Belgium vegetation recovery_p46_NA | B42: PR | C42: Baeten et al. 2010_Baeten Belgium vegetation recovery_p46_NA | D42: PR_Baeten et al. 2010_Baeten Belgium vegetation recovery | E42: PR_Baeten et al. 2010_Baeten Belgium vegetation recovery | F42: Baeten et al. 2010 | G42: Baeten Belgium vegetation recovery | H42: p46 | I42: NA | J42: p46 | K42: 51119597 | L42: 3248782 | M42: 4 | N42: 4 | O42: 2006 | P42: exact | Q42: recovering | R42: woody and herbaceous | S42: presence | T42: abundance | U42: diameter stem base for woody and percent cover for herbaceous. Joint results are in percentaje cover | V42: no | W42: fixed plots/quadrats | X42: 1 | Y42: NA | Z42: 1 | AA42: 71 | AB42: 1 | AC42: deforestation and reforestation phases. 4.4% remaining forest cover | AD42: NA | AE42: intensive maize crop | AF42: bought for passive restoration | AG42: 1 | AH42: NA | AI42: Plots are aggregated but we do not know how | AJ42: NA | AK42: Belgium | AL42: vascular plants | AM42: mix | AN42: cultivation | AO42: protection | AP42: NA | AQ42: NA | AR42: none | AS42: 0 | AT42: 1 | AU42: none | AV42: protection | AW42: community | AX42: species | AY42: 92 | AZ42: 15 | BA42: 64.94 | BB42: 2.6495888e+16 | BC42: 740541462 | BD42: 12 | BE42: 0.13043478260869565
A43: PR_Baeten et al. 2010_Baeten Belgium vegetation recovery_p47_NA | B43: PR | C43: Baeten et al. 2010_Baeten Belgium vegetation recovery_p47_NA | D43: PR_Baeten et al. 2010_Baeten Belgium vegetation recovery | E43: PR_Baeten et al. 2010_Baeten Belgium vegetation recovery | F43: Baeten et al. 2010 | G43: Baeten Belgium vegetation recovery | H43: p47 | I43: NA | J43: p47 | K43: 51119417 | L43: 3249039 | M43: 4 | N43: 4 | O43: 2006 | P43: exact | Q43: recovering | R43: woody and herbaceous | S43: presence | T43: abundance | U43: diameter stem base for woody and percent cover for herbaceous. Joint results are in percentaje cover | V43: no | W43: fixed plots/quadrats | X43: 1 | Y43: NA | Z43: 1 | AA43: 71 | AB43: 1 | AC43: deforestation and reforestation phases. 4.4% remaining forest cover | AD43: NA | AE43: intensive maize crop | AF43: bought for passive restoration | AG43: 1 | AH43: NA | AI43: Plots are aggregated but we do not know how | AJ43: NA | AK43: Belgium | AL43: vascular plants | AM43: mix | AN43: cultivation | AO43: protection | AP43: NA | AQ43: NA | AR43: none | AS43: 0 | AT43: 1 | AU43: none | AV43: protection | AW43: community | AX43: species | AY43: 92 | AZ43: 16 | BA43: 37.75 | BB43: 3.0272977e+16 | BC43: 828995783 | BD43: 12 | BE43: 0.13043478260869565
A44: PR_Baeten et al. 2010_Baeten Belgium vegetation recovery_p48_NA | B44: PR | C44: Baeten et al. 2010_Baeten Belgium vegetation recovery_p48_NA | D44: PR_Baeten et al. 2010_Baeten Belgium vegetation recovery | E44: PR_Baeten et al. 2010_Baeten Belgium vegetation recovery | F44: Baeten et al. 2010 | G44: Baeten Belgium vegetation recovery | H44: p48 | I44: NA | J44: p48 | K44: 51119272 | L44: 3249324 | M44: 4 | N44: 4 | O44: 2006 | P44: exact | Q44: recovering | R44: woody and herbaceous | S44: presence | T44: abundance | U44: diameter stem base for woody and percent cover for herbaceous. Joint results are in percentaje cover | V44: no | W44: fixed plots/quadrats | X44: 1 | Y44: NA | Z44: 1 | AA44: 71 | AB44: 1 | AC44: deforestation and reforestation phases. 4.4% remaining forest cover | AD44: NA | AE44: intensive maize crop | AF44: bought for passive restoration | AG44: 1 | AH44: NA | AI44: Plots are aggregated but we do not know how | AJ44: NA | AK44: Belgium | AL44: vascular plants | AM44: mix | AN44: cultivation | AO44: protection | AP44: NA | AQ44: NA | AR44: none | AS44: 0 | AT44: 1 | AU44: none | AV44: protection | AW44: community | AX44: species | AY44: 92 | AZ44: 21 | BA44: 91.03 | BB44: 280253793438743 | BC44: 1096607009 | BD44: 19 | BE44: 0.13043478260869565
A45: PR_Baeten et al. 2010_Baeten Belgium vegetation recovery_p49_NA | B45: PR | C45: Baeten et al. 2010_Baeten Belgium vegetation recovery_p49_NA | D45: PR_Baeten et al. 2010_Baeten Belgium vegetation recovery | E45: PR_Baeten et al. 2010_Baeten Belgium vegetation recovery | F45: Baeten et al. 2010 | G45: Baeten Belgium vegetation recovery | H45: p49 | I45: NA | J45: p49 | K45: 5111911 | L45: 3249637 | M45: 4 | N45: 4 | O45: 2006 | P45: exact | Q45: recovering | R45: woody and herbaceous | S45: presence | T45: abundance | U45: diameter stem base for woody and percent cover for herbaceous. Joint results are in percentaje cover | V45: no | W45: fixed plots/quadrats | X45: 1 | Y45: NA | Z45: 1 | AA45: 71 | AB45: 1 | AC45: deforestation and reforestation phases. 4.4% remaining forest cover | AD45: NA | AE45: intensive maize crop | AF45: bought for passive restoration | AG45: 1 | AH45: NA | AI45: Plots are aggregated but we do not know how | AJ45: NA | AK45: Belgium | AL45: vascular plants | AM45: mix | AN45: cultivation | AO45: protection | AP45: NA | AQ45: NA | AR45: none | AS45: 0 | AT45: 1 | AU45: none | AV45: protection | AW45: community | AX45: species | AY45: 92 | AZ45: 14 | BA45: 100.09 | BB45: 1.7999388e+16 | BC45: 941565991 | BD45: 12 | BE45: 0.13043478260869565
A46: PR_Baeten et al. 2010_Baeten Belgium vegetation recovery_p5_NA | B46: PR | C46: Baeten et al. 2010_Baeten Belgium vegetation recovery_p5_NA | D46: PR_Baeten et al. 2010_Baeten Belgium vegetation recovery | E46: PR_Baeten et al. 2010_Baeten Belgium vegetation recovery | F46: Baeten et al. 2010 | G46: Baeten Belgium vegetation recovery | H46: p5 | I46: NA | J46: p5 | K46: 51123773 | L46: 322507 | M46: 4 | N46: 4 | O46: 2006 | P46: exact | Q46: recovering | R46: woody and herbaceous | S46: presence | T46: abundance | U46: diameter stem base for woody and percent cover for herbaceous. Joint results are in percentaje cover | V46: no | W46: fixed plots/quadrats | X46: 1 | Y46: NA | Z46: 1 | AA46: 71 | AB46: 1 | AC46: deforestation and reforestation phases. 4.4% remaining forest cover | AD46: NA | AE46: intensive maize crop | AF46: bought for passive restoration | AG46: 1 | AH46: NA | AI46: Plots are aggregated but we do not know how | AJ46: NA | AK46: Belgium | AL46: vascular plants | AM46: mix | AN46: cultivation | AO46: protection | AP46: NA | AQ46: NA | AR46: none | AS46: 0 | AT46: 1 | AU46: none | AV46: protection | AW46: community | AX46: species | AY46: 92 | AZ46: 13 | BA46: 41.96 | BB46: 2.4760962e+15 | BC46: 803495666 | BD46: 11 | BE46: 0.13043478260869565
A47: PR_Baeten et al. 2010_Baeten Belgium vegetation recovery_p50_NA | B47: PR | C47: Baeten et al. 2010_Baeten Belgium vegetation recovery_p50_NA | D47: PR_Baeten et al. 2010_Baeten Belgium vegetation recovery | E47: PR_Baeten et al. 2010_Baeten Belgium vegetation recovery | F47: Baeten et al. 2010 | G47: Baeten Belgium vegetation recovery | H47: p50 | I47: NA | J47: p50 | K47: 51120206 | L47: 3250172 | M47: 3 | N47: 3 | O47: 2006 | P47: exact | Q47: recovering | R47: woody and herbaceous | S47: presence | T47: abundance | U47: diameter stem base for woody and percent cover for herbaceous. Joint results are in percentaje cover | V47: no | W47: fixed plots/quadrats | X47: 1 | Y47: NA | Z47: 1 | AA47: 71 | AB47: 1 | AC47: deforestation and reforestation phases. 4.4% remaining forest cover | AD47: NA | AE47: intensive maize crop | AF47: bought for passive restoration | AG47: 1 | AH47: NA | AI47: Plots are aggregated but we do not know how | AJ47: NA | AK47: Belgium | AL47: vascular plants | AM47: mix | AN47: cultivation | AO47: protection | AP47: NA | AQ47: NA | AR47: none | AS47: 0 | AT47: 1 | AU47: none | AV47: protection | AW47: community | AX47: species | AY47: 92 | AZ47: 17 | BA47: 97.44 | BB47: 1.6464981e+16 | BC47: 786841993 | BD47: 13 | BE47: 0.13043478260869565
A48: PR_Baeten et al. 2010_Baeten Belgium vegetation recovery_p51_NA | B48: PR | C48: Baeten et al. 2010_Baeten Belgium vegetation recovery_p51_NA | D48: PR_Baeten et al. 2010_Baeten Belgium vegetation recovery | E48: PR_Baeten et al. 2010_Baeten Belgium vegetation recovery | F48: Baeten et al. 2010 | G48: Baeten Belgium vegetation recovery | H48: p51 | I48: NA | J48: p51 | K48: 51120025 | L48: 3250328 | M48: 3 | N48: 3 | O48: 2006 | P48: exact | Q48: recovering | R48: woody and herbaceous | S48: presence | T48: abundance | U48: diameter stem base for woody and percent cover for herbaceous. Joint results are in percentaje cover | V48: no | W48: fixed plots/quadrats | X48: 1 | Y48: NA | Z48: 1 | AA48: 71 | AB48: 1 | AC48: deforestation and reforestation phases. 4.4% remaining forest cover | AD48: NA | AE48: intensive maize crop | AF48: bought for passive restoration | AG48: 1 | AH48: NA | AI48: Plots are aggregated but we do not know how | AJ48: NA | AK48: Belgium | AL48: vascular plants | AM48: mix | AN48: cultivation | AO48: protection | AP48: NA | AQ48: NA | AR48: none | AS48: 0 | AT48: 1 | AU48: none | AV48: protection | AW48: community | AX48: species | AY48: 92 | AZ48: 20 | BA48: 69.39 | BB48: 2.619852e+16 | BC48: 1105283006 | BD48: 16 | BE48: 0.13043478260869565
A49: PR_Baeten et al. 2010_Baeten Belgium vegetation recovery_p52_NA | B49: PR | C49: Baeten et al. 2010_Baeten Belgium vegetation recovery_p52_NA | D49: PR_Baeten et al. 2010_Baeten Belgium vegetation recovery | E49: PR_Baeten et al. 2010_Baeten Belgium vegetation recovery | F49: Baeten et al. 2010 | G49: Baeten Belgium vegetation recovery | H49: p52 | I49: NA | J49: p52 | K49: 51119827 | L49: 3250541 | M49: 3 | N49: 3 | O49: 2006 | P49: exact | Q49: recovering | R49: woody and herbaceous | S49: presence | T49: abundance | U49: diameter stem base for woody and percent cover for herbaceous. Joint results are in percentaje cover | V49: no | W49: fixed plots/quadrats | X49: 1 | Y49: NA | Z49: 1 | AA49: 71 | AB49: 1 | AC49: deforestation and reforestation phases. 4.4% remaining forest cover | AD49: NA | AE49: intensive maize crop | AF49: bought for passive restoration | AG49: 1 | AH49: NA | AI49: Plots are aggregated but we do not know how | AJ49: NA | AK49: Belgium | AL49: vascular plants | AM49: mix | AN49: cultivation | AO49: protection | AP49: NA | AQ49: NA | AR49: none | AS49: 0 | AT49: 1 | AU49: none | AV49: protection | AW49: community | AX49: species | AY49: 92 | AZ49: 14 | BA49: 76.2 | BB49: 1.9179713e+16 | BC49: 8.2522042e+15 | BD49: 10 | BE49: 0.13043478260869565
A50: PR_Baeten et al. 2010_Baeten Belgium vegetation recovery_p53_NA | B50: PR | C50: Baeten et al. 2010_Baeten Belgium vegetation recovery_p53_NA | D50: PR_Baeten et al. 2010_Baeten Belgium vegetation recovery | E50: PR_Baeten et al. 2010_Baeten Belgium vegetation recovery | F50: Baeten et al. 2010 | G50: Baeten Belgium vegetation recovery | H50: p53 | I50: NA | J50: p53 | K50: 51119656 | L50: 3250712 | M50: 3 | N50: 3 | O50: 2006 | P50: exact | Q50: recovering | R50: woody and herbaceous | S50: presence | T50: abundance | U50: diameter stem base for woody and percent cover for herbaceous. Joint results are in percentaje cover | V50: no | W50: fixed plots/quadrats | X50: 1 | Y50: NA | Z50: 1 | AA50: 71 | AB50: 1 | AC50: deforestation and reforestation phases. 4.4% remaining forest cover | AD50: NA | AE50: intensive maize crop | AF50: bought for passive restoration | AG50: 1 | AH50: NA | AI50: Plots are aggregated but we do not know how | AJ50: NA | AK50: Belgium | AL50: vascular plants | AM50: mix | AN50: cultivation | AO50: protection | AP50: NA | AQ50: NA | AR50: none | AS50: 0 | AT50: 1 | AU50: none | AV50: protection | AW50: community | AX50: species | AY50: 92 | AZ50: 22 | BA50: 8.538e+15 | BB50: 1.766123e+16 | BC50: 13062911198 | BD50: 16 | BE50: 0.13043478260869565
A51: PR_Baeten et al. 2010_Baeten Belgium vegetation recovery_p54_NA | B51: PR | C51: Baeten et al. 2010_Baeten Belgium vegetation recovery_p54_NA | D51: PR_Baeten et al. 2010_Baeten Belgium vegetation recovery | E51: PR_Baeten et al. 2010_Baeten Belgium vegetation recovery | F51: Baeten et al. 2010 | G51: Baeten Belgium vegetation recovery | H51: p54 | I51: NA | J51: p54 | K51: 5111813 | L51: 3249332 | M51: 2 | N51: 2 | O51: 2006 | P51: exact | Q51: recovering | R51: woody and herbaceous | S51: presence | T51: abundance | U51: diameter stem base for woody and percent cover for herbaceous. Joint results are in percentaje cover | V51: no | W51: fixed plots/quadrats | X51: 1 | Y51: NA | Z51: 1 | AA51: 71 | AB51: 1 | AC51: deforestation and reforestation phases. 4.4% remaining forest cover | AD51: NA | AE51: productive grassland | AF51: bought for passive restoration | AG51: 1 | AH51: NA | AI51: Plots are aggregated but we do not know how | AJ51: NA | AK51: Belgium | AL51: vascular plants | AM51: mix | AN51: animal farming | AO51: protection | AP51: NA | AQ51: NA | AR51: none | AS51: 0 | AT51: 1 | AU51: none | AV51: protection | AW51: community | AX51: species | AY51: 92 | AZ51: 9 | BA51: 99 | BB51: 2.2145034e+16 | BC51: 675180985 | BD51: 8 | BE51: 0.13043478260869565
A52: PR_Baeten et al. 2010_Baeten Belgium vegetation recovery_p55_NA | B52: PR | C52: Baeten et al. 2010_Baeten Belgium vegetation recovery_p55_NA | D52: PR_Baeten et al. 2010_Baeten Belgium vegetation recovery | E52: PR_Baeten et al. 2010_Baeten Belgium vegetation recovery | F52: Baeten et al. 2010 | G52: Baeten Belgium vegetation recovery | H52: p55 | I52: NA | J52: p55 | K52: 51118264 | L52: 3249704 | M52: 2 | N52: 2 | O52: 2006 | P52: exact | Q52: recovering | R52: woody and herbaceous | S52: presence | T52: abundance | U52: diameter stem base for woody and percent cover for herbaceous. Joint results are in percentaje cover | V52: no | W52: fixed plots/quadrats | X52: 1 | Y52: NA | Z52: 1 | AA52: 71 | AB52: 1 | AC52: deforestation and reforestation phases. 4.4% remaining forest cover | AD52: NA | AE52: productive grassland | AF52: bought for passive restoration | AG52: 1 | AH52: NA | AI52: Plots are aggregated but we do not know how | AJ52: NA | AK52: Belgium | AL52: vascular plants | AM52: mix | AN52: animal farming | AO52: protection | AP52: NA | AQ52: NA | AR52: none | AS52: 0 | AT52: 1 | AU52: none | AV52: protection | AW52: community | AX52: species | AY52: 92 | AZ52: 11 | BA52: 97.51 | BB52: 1.1678731e+15 | BC52: 843089885 | BD52: 11 | BE52: 0.13043478260869565
A53: PR_Baeten et al. 2010_Baeten Belgium vegetation recovery_p56_NA | B53: PR | C53: Baeten et al. 2010_Baeten Belgium vegetation recovery_p56_NA | D53: PR_Baeten et al. 2010_Baeten Belgium vegetation recovery | E53: PR_Baeten et al. 2010_Baeten Belgium vegetation recovery | F53: Baeten et al. 2010 | G53: Baeten Belgium vegetation recovery | H53: p56 | I53: NA | J53: p56 | K53: 51118398 | L53: 3250033 | M53: 2 | N53: 2 | O53: 2006 | P53: exact | Q53: recovering | R53: woody and herbaceous | S53: presence | T53: abundance | U53: diameter stem base for woody and percent cover for herbaceous. Joint results are in percentaje cover | V53: no | W53: fixed plots/quadrats | X53: 1 | Y53: NA | Z53: 1 | AA53: 71 | AB53: 1 | AC53: deforestation and reforestation phases. 4.4% remaining forest cover | AD53: NA | AE53: productive grassland | AF53: bought for passive restoration | AG53: 1 | AH53: NA | AI53: Plots are aggregated but we do not know how | AJ53: NA | AK53: Belgium | AL53: vascular plants | AM53: mix | AN53: animal farming | AO53: protection | AP53: NA | AQ53: NA | AR53: none | AS53: 0 | AT53: 1 | AU53: none | AV53: protection | AW53: community | AX53: species | AY53: 92 | AZ53: 9 | BA53: 95 | BB53: 1.1282627e+15 | BC53: 464062836 | BD53: 7 | BE53: 0.13043478260869565
A54: PR_Baeten et al. 2010_Baeten Belgium vegetation recovery_p57_NA | B54: PR | C54: Baeten et al. 2010_Baeten Belgium vegetation recovery_p57_NA | D54: PR_Baeten et al. 2010_Baeten Belgium vegetation recovery | E54: PR_Baeten et al. 2010_Baeten Belgium vegetation recovery | F54: Baeten et al. 2010 | G54: Baeten Belgium vegetation recovery | H54: p57 | I54: NA | J54: p57 | K54: 51118542 | L54: 3250391 | M54: 2 | N54: 2 | O54: 2006 | P54: exact | Q54: recovering | R54: woody and herbaceous | S54: presence | T54: abundance | U54: diameter stem base for woody and percent cover for herbaceous. Joint results are in percentaje cover | V54: no | W54: fixed plots/quadrats | X54: 1 | Y54: NA | Z54: 1 | AA54: 71 | AB54: 1 | AC54: deforestation and reforestation phases. 4.4% remaining forest cover | AD54: NA | AE54: productive grassland | AF54: bought for passive restoration | AG54: 1 | AH54: NA | AI54: Plots are aggregated but we do not know how | AJ54: NA | AK54: Belgium | AL54: vascular plants | AM54: mix | AN54: animal farming | AO54: protection | AP54: NA | AQ54: NA | AR54: none | AS54: 0 | AT54: 1 | AU54: none | AV54: protection | AW54: community | AX54: species | AY54: 92 | AZ54: 7 | BA54: 99 | BB54: 0.759366914527807 | BC54: 416632553 | BD54: 5 | BE54: 0.13043478260869565
A55: PR_Baeten et al. 2010_Baeten Belgium vegetation recovery_p58_NA | B55: PR | C55: Baeten et al. 2010_Baeten Belgium vegetation recovery_p58_NA | D55: PR_Baeten et al. 2010_Baeten Belgium vegetation recovery | E55: PR_Baeten et al. 2010_Baeten Belgium vegetation recovery | F55: Baeten et al. 2010 | G55: Baeten Belgium vegetation recovery | H55: p58 | I55: NA | J55: p58 | K55: 51118882 | L55: 3.251193e+16 | M55: 2 | N55: 2 | O55: 2006 | P55: exact | Q55: recovering | R55: woody and herbaceous | S55: presence | T55: abundance | U55: diameter stem base for woody and percent cover for herbaceous. Joint results are in percentaje cover | V55: no | W55: fixed plots/quadrats | X55: 1 | Y55: NA | Z55: 1 | AA55: 71 | AB55: 1 | AC55: deforestation and reforestation phases. 4.4% remaining forest cover | AD55: NA | AE55: productive grassland | AF55: bought for passive restoration | AG55: 1 | AH55: NA | AI55: Plots are aggregated but we do not know how | AJ55: NA | AK55: Belgium | AL55: vascular plants | AM55: mix | AN55: animal farming | AO55: protection | AP55: NA | AQ55: NA | AR55: none | AS55: 0 | AT55: 1 | AU55: none | AV55: protection | AW55: community | AX55: species | AY55: 92 | AZ55: 4 | BA55: 100 | BB55: 1.0869646e+15 | BC55: 3.1925706e+16 | BD55: 3 | BE55: 0.13043478260869565
A56: PR_Baeten et al. 2010_Baeten Belgium vegetation recovery_p59_NA | B56: PR | C56: Baeten et al. 2010_Baeten Belgium vegetation recovery_p59_NA | D56: PR_Baeten et al. 2010_Baeten Belgium vegetation recovery | E56: PR_Baeten et al. 2010_Baeten Belgium vegetation recovery | F56: Baeten et al. 2010 | G56: Baeten Belgium vegetation recovery | H56: p59 | I56: NA | J56: p59 | K56: 51118998 | L56: 3251522 | M56: 2 | N56: 2 | O56: 2006 | P56: exact | Q56: recovering | R56: woody and herbaceous | S56: presence | T56: abundance | U56: diameter stem base for woody and percent cover for herbaceous. Joint results are in percentaje cover | V56: no | W56: fixed plots/quadrats | X56: 1 | Y56: NA | Z56: 1 | AA56: 71 | AB56: 1 | AC56: deforestation and reforestation phases. 4.4% remaining forest cover | AD56: NA | AE56: productive grassland | AF56: bought for passive restoration | AG56: 1 | AH56: NA | AI56: Plots are aggregated but we do not know how | AJ56: NA | AK56: Belgium | AL56: vascular plants | AM56: mix | AN56: animal farming | AO56: protection | AP56: NA | AQ56: NA | AR56: none | AS56: 0 | AT56: 1 | AU56: none | AV56: protection | AW56: community | AX56: species | AY56: 92 | AZ56: 4 | BA56: 100 | BB56: 0.7226089874192039 | BC56: 439131493 | BD56: 4 | BE56: 0.13043478260869565
A57: PR_Baeten et al. 2010_Baeten Belgium vegetation recovery_p6_NA | B57: PR | C57: Baeten et al. 2010_Baeten Belgium vegetation recovery_p6_NA | D57: PR_Baeten et al. 2010_Baeten Belgium vegetation recovery | E57: PR_Baeten et al. 2010_Baeten Belgium vegetation recovery | F57: Baeten et al. 2010 | G57: Baeten Belgium vegetation recovery | H57: p6 | I57: NA | J57: p6 | K57: 51124088 | L57: 3224643 | M57: 4 | N57: 4 | O57: 2006 | P57: exact | Q57: recovering | R57: woody and herbaceous | S57: presence | T57: abundance | U57: diameter stem base for woody and percent cover for herbaceous. Joint results are in percentaje cover | V57: no | W57: fixed plots/quadrats | X57: 1 | Y57: NA | Z57: 1 | AA57: 71 | AB57: 1 | AC57: deforestation and reforestation phases. 4.4% remaining forest cover | AD57: NA | AE57: intensive maize crop | AF57: bought for passive restoration | AG57: 1 | AH57: NA | AI57: Plots are aggregated but we do not know how | AJ57: NA | AK57: Belgium | AL57: vascular plants | AM57: mix | AN57: cultivation | AO57: protection | AP57: NA | AQ57: NA | AR57: none | AS57: 0 | AT57: 1 | AU57: none | AV57: protection | AW57: community | AX57: species | AY57: 92 | AZ57: 9 | BA57: 97 | BB57: 1.1811313e+16 | BC57: 582297876 | BD57: 8 | BE57: 0.13043478260869565
A58: PR_Baeten et al. 2010_Baeten Belgium vegetation recovery_p60_NA | B58: PR | C58: Baeten et al. 2010_Baeten Belgium vegetation recovery_p60_NA | D58: PR_Baeten et al. 2010_Baeten Belgium vegetation recovery | E58: PR_Baeten et al. 2010_Baeten Belgium vegetation recovery | F58: Baeten et al. 2010 | G58: Baeten Belgium vegetation recovery | H58: p60 | I58: NA | J58: p60 | K58: 51121855 | L58: 3252595 | M58: 5 | N58: 5 | O58: 2006 | P58: exact | Q58: recovering | R58: woody and herbaceous | S58: presence | T58: abundance | U58: diameter stem base for woody and percent cover for herbaceous. Joint results are in percentaje cover | V58: no | W58: fixed plots/quadrats | X58: 1 | Y58: NA | Z58: 1 | AA58: 71 | AB58: 1 | AC58: deforestation and reforestation phases. 4.4% remaining forest cover | AD58: NA | AE58: intensive maize crop | AF58: bought for passive restoration | AG58: 1 | AH58: NA | AI58: Plots are aggregated but we do not know how | AJ58: NA | AK58: Belgium | AL58: vascular plants | AM58: mix | AN58: cultivation | AO58: protection | AP58: NA | AQ58: NA | AR58: none | AS58: 0 | AT58: 1 | AU58: none | AV58: protection | AW58: community | AX58: species | AY58: 92 | AZ58: 12 | BA58: 65.54 | BB58: 196870670387038 | BC58: 972333449 | BD58: 9 | BE58: 0.13043478260869565
A59: PR_Baeten et al. 2010_Baeten Belgium vegetation recovery_p61_NA | B59: PR | C59: Baeten et al. 2010_Baeten Belgium vegetation recovery_p61_NA | D59: PR_Baeten et al. 2010_Baeten Belgium vegetation recovery | E59: PR_Baeten et al. 2010_Baeten Belgium vegetation recovery | F59: Baeten et al. 2010 | G59: Baeten Belgium vegetation recovery | H59: p61 | I59: NA | J59: p61 | K59: 51121277 | L59: 3253549 | M59: 5 | N59: 5 | O59: 2006 | P59: exact | Q59: recovering | R59: woody and herbaceous | S59: presence | T59: abundance | U59: diameter stem base for woody and percent cover for herbaceous. Joint results are in percentaje cover | V59: no | W59: fixed plots/quadrats | X59: 1 | Y59: NA | Z59: 1 | AA59: 71 | AB59: 1 | AC59: deforestation and reforestation phases. 4.4% remaining forest cover | AD59: NA | AE59: intensive maize crop | AF59: bought for passive restoration | AG59: 1 | AH59: NA | AI59: Plots are aggregated but we do not know how | AJ59: NA | AK59: Belgium | AL59: vascular plants | AM59: mix | AN59: cultivation | AO59: protection | AP59: NA | AQ59: NA | AR59: none | AS59: 0 | AT59: 1 | AU59: none | AV59: protection | AW59: community | AX59: species | AY59: 92 | AZ59: 5 | BA59: 25.89 | BB59: 1.3283447e+16 | BC59: 370479056 | BD59: 3 | BE59: 0.13043478260869565
A60: PR_Baeten et al. 2010_Baeten Belgium vegetation recovery_p62_NA | B60: PR | C60: Baeten et al. 2010_Baeten Belgium vegetation recovery_p62_NA | D60: PR_Baeten et al. 2010_Baeten Belgium vegetation recovery | E60: PR_Baeten et al. 2010_Baeten Belgium vegetation recovery | F60: Baeten et al. 2010 | G60: Baeten Belgium vegetation recovery | H60: p62 | I60: NA | J60: p62 | K60: 51120861 | L60: 3254647 | M60: 5 | N60: 5 | O60: 2006 | P60: exact | Q60: recovering | R60: woody and herbaceous | S60: presence | T60: abundance | U60: diameter stem base for woody and percent cover for herbaceous. Joint results are in percentaje cover | V60: no | W60: fixed plots/quadrats | X60: 1 | Y60: NA | Z60: 1 | AA60: 71 | AB60: 1 | AC60: deforestation and reforestation phases. 4.4% remaining forest cover | AD60: NA | AE60: intensive maize crop | AF60: bought for passive restoration | AG60: 1 | AH60: NA | AI60: Plots are aggregated but we do not know how | AJ60: NA | AK60: Belgium | AL60: vascular plants | AM60: mix | AN60: cultivation | AO60: protection | AP60: NA | AQ60: NA | AR60: none | AS60: 0 | AT60: 1 | AU60: none | AV60: protection | AW60: community | AX60: species | AY60: 92 | AZ60: 8 | BA60: 15.77 | BB60: 2.0121059e+16 | BC60: 588034891 | BD60: 5 | BE60: 0.13043478260869565
A61: PR_Baeten et al. 2010_Baeten Belgium vegetation recovery_p63_NA | B61: PR | C61: Baeten et al. 2010_Baeten Belgium vegetation recovery_p63_NA | D61: PR_Baeten et al. 2010_Baeten Belgium vegetation recovery | E61: PR_Baeten et al. 2010_Baeten Belgium vegetation recovery | F61: Baeten et al. 2010 | G61: Baeten Belgium vegetation recovery | H61: p63 | I61: NA | J61: p63 | K61: 51120455 | L61: 3255488 | M61: 5 | N61: 5 | O61: 2006 | P61: exact | Q61: recovering | R61: woody and herbaceous | S61: presence | T61: abundance | U61: diameter stem base for woody and percent cover for herbaceous. Joint results are in percentaje cover | V61: no | W61: fixed plots/quadrats | X61: 1 | Y61: NA | Z61: 1 | AA61: 71 | AB61: 1 | AC61: deforestation and reforestation phases. 4.4% remaining forest cover | AD61: NA | AE61: intensive maize crop | AF61: bought for passive restoration | AG61: 1 | AH61: NA | AI61: Plots are aggregated but we do not know how | AJ61: NA | AK61: Belgium | AL61: vascular plants | AM61: mix | AN61: cultivation | AO61: protection | AP61: NA | AQ61: NA | AR61: none | AS61: 0 | AT61: 1 | AU61: none | AV61: protection | AW61: community | AX61: species | AY61: 92 | AZ61: 5 | BA61: 15.34 | BB61: 1.3787657e+15 | BC61: 45757969 | BD61: 4 | BE61: 0.13043478260869565
A62: PR_Baeten et al. 2010_Baeten Belgium vegetation recovery_p64_NA | B62: PR | C62: Baeten et al. 2010_Baeten Belgium vegetation recovery_p64_NA | D62: PR_Baeten et al. 2010_Baeten Belgium vegetation recovery | E62: PR_Baeten et al. 2010_Baeten Belgium vegetation recovery | F62: Baeten et al. 2010 | G62: Baeten Belgium vegetation recovery | H62: p64 | I62: NA | J62: p64 | K62: 51122106 | L62: 3252911 | M62: 5 | N62: 5 | O62: 2006 | P62: exact | Q62: recovering | R62: woody and herbaceous | S62: presence | T62: abundance | U62: diameter stem base for woody and percent cover for herbaceous. Joint results are in percentaje cover | V62: no | W62: fixed plots/quadrats | X62: 1 | Y62: NA | Z62: 1 | AA62: 71 | AB62: 1 | AC62: deforestation and reforestation phases. 4.4% remaining forest cover | AD62: NA | AE62: intensive maize crop | AF62: bought for passive restoration | AG62: 1 | AH62: NA | AI62: Plots are aggregated but we do not know how | AJ62: NA | AK62: Belgium | AL62: vascular plants | AM62: mix | AN62: cultivation | AO62: protection | AP62: NA | AQ62: NA | AR62: none | AS62: 0 | AT62: 1 | AU62: none | AV62: protection | AW62: community | AX62: species | AY62: 92 | AZ62: 9 | BA62: 92 | BB62: 1.0515486e+16 | BC62: 5665693038 | BD62: 7 | BE62: 0.13043478260869565
A63: PR_Baeten et al. 2010_Baeten Belgium vegetation recovery_p65_NA | B63: PR | C63: Baeten et al. 2010_Baeten Belgium vegetation recovery_p65_NA | D63: PR_Baeten et al. 2010_Baeten Belgium vegetation recovery | E63: PR_Baeten et al. 2010_Baeten Belgium vegetation recovery | F63: Baeten et al. 2010 | G63: Baeten Belgium vegetation recovery | H63: p65 | I63: NA | J63: p65 | K63: 51121609 | L63: 3253923 | M63: 5 | N63: 5 | O63: 2006 | P63: exact | Q63: recovering | R63: woody and herbaceous | S63: presence | T63: abundance | U63: diameter stem base for woody and percent cover for herbaceous. Joint results are in percentaje cover | V63: no | W63: fixed plots/quadrats | X63: 1 | Y63: NA | Z63: 1 | AA63: 71 | AB63: 1 | AC63: deforestation and reforestation phases. 4.4% remaining forest cover | AD63: NA | AE63: intensive maize crop | AF63: bought for passive restoration | AG63: 1 | AH63: NA | AI63: Plots are aggregated but we do not know how | AJ63: NA | AK63: Belgium | AL63: vascular plants | AM63: mix | AN63: cultivation | AO63: protection | AP63: NA | AQ63: NA | AR63: none | AS63: 0 | AT63: 1 | AU63: none | AV63: protection | AW63: community | AX63: species | AY63: 92 | AZ63: 12 | BA63: 82 | BB63: 1.2435146e+16 | BC63: 840759781 | BD63: 11 | BE63: 0.13043478260869565
A64: PR_Baeten et al. 2010_Baeten Belgium vegetation recovery_p66_NA | B64: PR | C64: Baeten et al. 2010_Baeten Belgium vegetation recovery_p66_NA | D64: PR_Baeten et al. 2010_Baeten Belgium vegetation recovery | E64: PR_Baeten et al. 2010_Baeten Belgium vegetation recovery | F64: Baeten et al. 2010 | G64: Baeten Belgium vegetation recovery | H64: p66 | I64: NA | J64: p66 | K64: 51121121 | L64: 325502 | M64: 5 | N64: 5 | O64: 2006 | P64: exact | Q64: recovering | R64: woody and herbaceous | S64: presence | T64: abundance | U64: diameter stem base for woody and percent cover for herbaceous. Joint results are in percentaje cover | V64: no | W64: fixed plots/quadrats | X64: 1 | Y64: NA | Z64: 1 | AA64: 71 | AB64: 1 | AC64: deforestation and reforestation phases. 4.4% remaining forest cover | AD64: NA | AE64: intensive maize crop | AF64: bought for passive restoration | AG64: 1 | AH64: NA | AI64: Plots are aggregated but we do not know how | AJ64: NA | AK64: Belgium | AL64: vascular plants | AM64: mix | AN64: cultivation | AO64: protection | AP64: NA | AQ64: NA | AR64: none | AS64: 0 | AT64: 1 | AU64: none | AV64: protection | AW64: community | AX64: species | AY64: 92 | AZ64: 8 | BA64: 98.64 | BB64: 0.17370444807516802 | BC64: 5.4811094e+15 | BD64: 5 | BE64: 0.13043478260869565
A65: PR_Baeten et al. 2010_Baeten Belgium vegetation recovery_p67_NA | B65: PR | C65: Baeten et al. 2010_Baeten Belgium vegetation recovery_p67_NA | D65: PR_Baeten et al. 2010_Baeten Belgium vegetation recovery | E65: PR_Baeten et al. 2010_Baeten Belgium vegetation recovery | F65: Baeten et al. 2010 | G65: Baeten Belgium vegetation recovery | H65: p67 | I65: NA | J65: p67 | K65: 51120742 | L65: 3255961 | M65: 5 | N65: 5 | O65: 2006 | P65: exact | Q65: recovering | R65: woody and herbaceous | S65: presence | T65: abundance | U65: diameter stem base for woody and percent cover for herbaceous. Joint results are in percentaje cover | V65: no | W65: fixed plots/quadrats | X65: 1 | Y65: NA | Z65: 1 | AA65: 71 | AB65: 1 | AC65: deforestation and reforestation phases. 4.4% remaining forest cover | AD65: NA | AE65: intensive maize crop | AF65: bought for passive restoration | AG65: 1 | AH65: NA | AI65: Plots are aggregated but we do not know how | AJ65: NA | AK65: Belgium | AL65: vascular plants | AM65: mix | AN65: cultivation | AO65: protection | AP65: NA | AQ65: NA | AR65: none | AS65: 0 | AT65: 1 | AU65: none | AV65: protection | AW65: community | AX65: species | AY65: 92 | AZ65: 9 | BA65: 101.2 | BB65: 0.4604055094135438 | BC65: 1.2344387e+16 | BD65: 7 | BE65: 0.13043478260869565
A66: PR_Baeten et al. 2010_Baeten Belgium vegetation recovery_p68_NA | B66: PR | C66: Baeten et al. 2010_Baeten Belgium vegetation recovery_p68_NA | D66: PR_Baeten et al. 2010_Baeten Belgium vegetation recovery | E66: PR_Baeten et al. 2010_Baeten Belgium vegetation recovery | F66: Baeten et al. 2010 | G66: Baeten Belgium vegetation recovery | H66: p68 | I66: NA | J66: p68 | K66: 51122258 | L66: 3253126 | M66: 5 | N66: 5 | O66: 2006 | P66: exact | Q66: recovering | R66: woody and herbaceous | S66: presence | T66: abundance | U66: diameter stem base for woody and percent cover for herbaceous. Joint results are in percentaje cover | V66: no | W66: fixed plots/quadrats | X66: 1 | Y66: NA | Z66: 1 | AA66: 71 | AB66: 1 | AC66: deforestation and reforestation phases. 4.4% remaining forest cover | AD66: NA | AE66: intensive maize crop | AF66: bought for passive restoration | AG66: 1 | AH66: NA | AI66: Plots are aggregated but we do not know how | AJ66: NA | AK66: Belgium | AL66: vascular plants | AM66: mix | AN66: cultivation | AO66: protection | AP66: NA | AQ66: NA | AR66: none | AS66: 0 | AT66: 1 | AU66: none | AV66: protection | AW66: community | AX66: species | AY66: 92 | AZ66: 9 | BA66: 2.06 | BB66: 2.1788551e+16 | BC66: 400618184 | BD66: 5 | BE66: 0.13043478260869565
A67: PR_Baeten et al. 2010_Baeten Belgium vegetation recovery_p69_NA | B67: PR | C67: Baeten et al. 2010_Baeten Belgium vegetation recovery_p69_NA | D67: PR_Baeten et al. 2010_Baeten Belgium vegetation recovery | E67: PR_Baeten et al. 2010_Baeten Belgium vegetation recovery | F67: Baeten et al. 2010 | G67: Baeten Belgium vegetation recovery | H67: p69 | I67: NA | J67: p69 | K67: 51121798 | L67: 3254195 | M67: 5 | N67: 5 | O67: 2006 | P67: exact | Q67: recovering | R67: woody and herbaceous | S67: presence | T67: abundance | U67: diameter stem base for woody and percent cover for herbaceous. Joint results are in percentaje cover | V67: no | W67: fixed plots/quadrats | X67: 1 | Y67: NA | Z67: 1 | AA67: 71 | AB67: 1 | AC67: deforestation and reforestation phases. 4.4% remaining forest cover | AD67: NA | AE67: intensive maize crop | AF67: bought for passive restoration | AG67: 1 | AH67: NA | AI67: Plots are aggregated but we do not know how | AJ67: NA | AK67: Belgium | AL67: vascular plants | AM67: mix | AN67: cultivation | AO67: protection | AP67: NA | AQ67: NA | AR67: none | AS67: 0 | AT67: 1 | AU67: none | AV67: protection | AW67: community | AX67: species | AY67: 92 | AZ67: 9 | BA67: 99.24 | BB67: 0.3049596830603935 | BC67: 63840972 | BD67: 6 | BE67: 0.13043478260869565
A68: PR_Baeten et al. 2010_Baeten Belgium vegetation recovery_p7_NA | B68: PR | C68: Baeten et al. 2010_Baeten Belgium vegetation recovery_p7_NA | D68: PR_Baeten et al. 2010_Baeten Belgium vegetation recovery | E68: PR_Baeten et al. 2010_Baeten Belgium vegetation recovery | F68: Baeten et al. 2010 | G68: Baeten Belgium vegetation recovery | H68: p7 | I68: NA | J68: p7 | K68: 51119452 | L68: 3236508 | M68: 1 | N68: 1 | O68: 2006 | P68: exact | Q68: recovering | R68: woody and herbaceous | S68: presence | T68: abundance | U68: diameter stem base for woody and percent cover for herbaceous. Joint results are in percentaje cover | V68: no | W68: fixed plots/quadrats | X68: 1 | Y68: NA | Z68: 1 | AA68: 71 | AB68: 1 | AC68: deforestation and reforestation phases. 4.4% remaining forest cover | AD68: NA | AE68: productive grassland | AF68: bought for passive restoration | AG68: 1 | AH68: NA | AI68: Plots are aggregated but we do not know how | AJ68: NA | AK68: Belgium | AL68: vascular plants | AM68: mix | AN68: animal farming | AO68: protection | AP68: NA | AQ68: NA | AR68: none | AS68: 0 | AT68: 1 | AU68: none | AV68: protection | AW68: community | AX68: species | AY68: 92 | AZ68: 15 | BA68: 63.91 | BB68: 2.0140439e+15 | BC68: 820929802 | BD68: 11 | BE68: 0.13043478260869565
A69: PR_Baeten et al. 2010_Baeten Belgium vegetation recovery_p70_NA | B69: PR | C69: Baeten et al. 2010_Baeten Belgium vegetation recovery_p70_NA | D69: PR_Baeten et al. 2010_Baeten Belgium vegetation recovery | E69: PR_Baeten et al. 2010_Baeten Belgium vegetation recovery | F69: Baeten et al. 2010 | G69: Baeten Belgium vegetation recovery | H69: p70 | I69: NA | J69: p70 | K69: 51121337 | L69: 3255264 | M69: 5 | N69: 5 | O69: 2006 | P69: exact | Q69: recovering | R69: woody and herbaceous | S69: presence | T69: abundance | U69: diameter stem base for woody and percent cover for herbaceous. Joint results are in percentaje cover | V69: no | W69: fixed plots/quadrats | X69: 1 | Y69: NA | Z69: 1 | AA69: 71 | AB69: 1 | AC69: deforestation and reforestation phases. 4.4% remaining forest cover | AD69: NA | AE69: intensive maize crop | AF69: bought for passive restoration | AG69: 1 | AH69: NA | AI69: Plots are aggregated but we do not know how | AJ69: NA | AK69: Belgium | AL69: vascular plants | AM69: mix | AN69: cultivation | AO69: protection | AP69: NA | AQ69: NA | AR69: none | AS69: 0 | AT69: 1 | AU69: none | AV69: protection | AW69: community | AX69: species | AY69: 92 | AZ69: 11 | BA69: 94.38 | BB69: 0.2229585327890058 | BC69: 1108410326 | BD69: 9 | BE69: 0.13043478260869565
A70: PR_Baeten et al. 2010_Baeten Belgium vegetation recovery_p71_NA | B70: PR | C70: Baeten et al. 2010_Baeten Belgium vegetation recovery_p71_NA | D70: PR_Baeten et al. 2010_Baeten Belgium vegetation recovery | E70: PR_Baeten et al. 2010_Baeten Belgium vegetation recovery | F70: Baeten et al. 2010 | G70: Baeten Belgium vegetation recovery | H70: p71 | I70: NA | J70: p71 | K70: 51120948 | L70: 3256177 | M70: 5 | N70: 5 | O70: 2006 | P70: exact | Q70: recovering | R70: woody and herbaceous | S70: presence | T70: abundance | U70: diameter stem base for woody and percent cover for herbaceous. Joint results are in percentaje cover | V70: no | W70: fixed plots/quadrats | X70: 1 | Y70: NA | Z70: 1 | AA70: 71 | AB70: 1 | AC70: deforestation and reforestation phases. 4.4% remaining forest cover | AD70: NA | AE70: intensive maize crop | AF70: bought for passive restoration | AG70: 1 | AH70: NA | AI70: Plots are aggregated but we do not know how | AJ70: NA | AK70: Belgium | AL70: vascular plants | AM70: mix | AN70: cultivation | AO70: protection | AP70: NA | AQ70: NA | AR70: none | AS70: 0 | AT70: 1 | AU70: none | AV70: protection | AW70: community | AX70: species | AY70: 92 | AZ70: 6 | BA70: 96.12 | BB70: 0.2511970008990938 | BC70: 605362134 | BD70: 5 | BE70: 0.13043478260869565
A71: PR_Baeten et al. 2010_Baeten Belgium vegetation recovery_p8_NA | B71: PR | C71: Baeten et al. 2010_Baeten Belgium vegetation recovery_p8_NA | D71: PR_Baeten et al. 2010_Baeten Belgium vegetation recovery | E71: PR_Baeten et al. 2010_Baeten Belgium vegetation recovery | F71: Baeten et al. 2010 | G71: Baeten Belgium vegetation recovery | H71: p8 | I71: NA | J71: p8 | K71: 51119578 | L71: 3236152 | M71: 1 | N71: 1 | O71: 2006 | P71: exact | Q71: recovering | R71: woody and herbaceous | S71: presence | T71: abundance | U71: diameter stem base for woody and percent cover for herbaceous. Joint results are in percentaje cover | V71: no | W71: fixed plots/quadrats | X71: 1 | Y71: NA | Z71: 1 | AA71: 71 | AB71: 1 | AC71: deforestation and reforestation phases. 4.4% remaining forest cover | AD71: NA | AE71: productive grassland | AF71: bought for passive restoration | AG71: 1 | AH71: NA | AI71: Plots are aggregated but we do not know how | AJ71: NA | AK71: Belgium | AL71: vascular plants | AM71: mix | AN71: animal farming | AO71: protection | AP71: NA | AQ71: NA | AR71: none | AS71: 0 | AT71: 1 | AU71: none | AV71: protection | AW71: community | AX71: species | AY71: 92 | AZ71: 20 | BA71: 8.607e+15 | BB71: 2.6672948e+16 | BC71: 13598729942 | BD71: 16 | BE71: 0.13043478260869565
A72: PR_Baeten et al. 2010_Baeten Belgium vegetation recovery_p9_NA | B72: PR | C72: Baeten et al. 2010_Baeten Belgium vegetation recovery_p9_NA | D72: PR_Baeten et al. 2010_Baeten Belgium vegetation recovery | E72: PR_Baeten et al. 2010_Baeten Belgium vegetation recovery | F72: Baeten et al. 2010 | G72: Baeten Belgium vegetation recovery | H72: p9 | I72: NA | J72: p9 | K72: 51119714 | L72: 3235781 | M72: 1 | N72: 1 | O72: 2006 | P72: exact | Q72: recovering | R72: woody and herbaceous | S72: presence | T72: abundance | U72: diameter stem base for woody and percent cover for herbaceous. Joint results are in percentaje cover | V72: no | W72: fixed plots/quadrats | X72: 1 | Y72: NA | Z72: 1 | AA72: 71 | AB72: 1 | AC72: deforestation and reforestation phases. 4.4% remaining forest cover | AD72: NA | AE72: productive grassland | AF72: bought for passive restoration | AG72: 1 | AH72: NA | AI72: Plots are aggregated but we do not know how | AJ72: NA | AK72: Belgium | AL72: vascular plants | AM72: mix | AN72: animal farming | AO72: protection | AP72: NA | AQ72: NA | AR72: none | AS72: 0 | AT72: 1 | AU72: none | AV72: protection | AW72: community | AX72: species | AY72: 92 | AZ72: 11 | BA72: 83.02 | BB72: 2.0196203e+16 | BC72: 767949273 | BD72: 8 | BE72: 0.13043478260869565
A73: PR_Baeten et al. 2010a_Ancient and post agricultural forests_Belgium_p1_NA | B73: PR | C73: Baeten et al. 2010a_Ancient and post agricultural forests_Belgium_p1_NA | D73: PR_Baeten et al. 2010a_Ancient and post agricultural forests_Belgium | E73: PR_Baeten et al. 2010a_Ancient and post agricultural forests_Belgium | F73: Baeten et al. 2010a | G73: Ancient and post agricultural forests_Belgium | H73: p1 | I73: NA | J73: p1 | K73: 51057604 | L73: 3506691 | M73: 234 | N73: > 234 | O73: 2009 | P73: minimum | Q73: reference | R73: herbaceous | S73: presence | T73: occurrence | U73: occurrence (presence/absence) | V73: no | W73: visual encounter survey | X73: 1 | Y73: NA | Z73: 1 | AA73: 78 | AB73: 1 | AC73: deforestation and reforestation phases. Early impacts in pre-history | AD73: NA | AE73: none | AF73: NA | AG73: 0 | AH73: some cuttings are probable, but not more recent than 10 years | AI73: Alluvial forests. Assuming that those plots are the once measured in 2009 but not in 1980 | AJ73: NA | AK73: Belgium | AL73: herbs | AM73: users | AN73: none | AO73: NA | AP73: NA | AQ73: logging | AR73: logging | AS73: 0 | AT73: 0 | AU73: none | AV73: regular | AW73: community | AX73: species | AY73: 94 | AZ73: 18 | BA73: NA | BB73: NA | BC73: 1186545977561 | BD73: 11 | BE73: 0.03191489361702127
A74: PR_Baeten et al. 2010a_Ancient and post agricultural forests_Belgium_p10_NA | B74: PR | C74: Baeten et al. 2010a_Ancient and post agricultural forests_Belgium_p10_NA | D74: PR_Baeten et al. 2010a_Ancient and post agricultural forests_Belgium | E74: PR_Baeten et al. 2010a_Ancient and post agricultural forests_Belgium | F74: Baeten et al. 2010a | G74: Ancient and post agricultural forests_Belgium | H74: p10 | I74: NA | J74: p10 | K74: 51125188 | L74: 3235426 | M74: 147 | N74: < 147 | O74: 2009 | P74: maximum | Q74: recovering | R74: herbaceous | S74: presence | T74: occurrence | U74: occurrence (presence/absence) | V74: no | W74: visual encounter survey | X74: 1 | Y74: NA | Z74: 1 | AA74: 78 | AB74: 1 | AC74: deforestation and reforestation phases. Early impacts in pre-history | AD74: NA | AE74: agricultural land | AF74: NA | AG74: 2 | AH74: some cuttings are probable, but not more recent than 10 years | AI74: Alluvial forests. Assuming that those plots are the once measured in 2009 but not in 1980 | AJ74: NA | AK74: Belgium | AL74: herbs | AM74: users | AN74: farming | AO74: NA | AP74: NA | AQ74: logging | AR74: logging | AS74: 0 | AT74: 0 | AU74: none | AV74: regular | AW74: community | AX74: species | AY74: 94 | AZ74: 18 | BA74: NA | BB74: NA | BC74: 938811196561 | BD74: 9 | BE74: 0.03191489361702127
A75: PR_Baeten et al. 2010a_Ancient and post agricultural forests_Belgium_p100_NA | B75: PR | C75: Baeten et al. 2010a_Ancient and post agricultural forests_Belgium_p100_NA | D75: PR_Baeten et al. 2010a_Ancient and post agricultural forests_Belgium | E75: PR_Baeten et al. 2010a_Ancient and post agricultural forests_Belgium | F75: Baeten et al. 2010a | G75: Ancient and post agricultural forests_Belgium | H75: p100 | I75: NA | J75: p100 | K75: 51163744 | L75: 38806 | M75: 147 | N75: < 147 | O75: 2009 | P75: maximum | Q75: recovering | R75: herbaceous | S75: presence | T75: occurrence | U75: occurrence (presence/absence) | V75: no | W75: visual encounter survey | X75: 1 | Y75: NA | Z75: 1 | AA75: 78 | AB75: 1 | AC75: deforestation and reforestation phases. Early impacts in pre-history | AD75: NA | AE75: agricultural land | AF75: NA | AG75: 2 | AH75: some cuttings are probable, but not more recent than 10 years | AI75: Alluvial forests. Assuming that those plots are the once measured in 2009 but not in 1980 | AJ75: NA | AK75: Belgium | AL75: herbs | AM75: users | AN75: farming | AO75: NA | AP75: NA | AQ75: logging | AR75: logging | AS75: 0 | AT75: 0 | AU75: none | AV75: regular | AW75: community | AX75: species | AY75: 94 | AZ75: 15 | BA75: NA | BB75: NA | BC75: 71277077 | BD75: 7 | BE75: 0.03191489361702127
A76: PR_Baeten et al. 2010a_Ancient and post agricultural forests_Belgium_p1011_NA | B76: PR | C76: Baeten et al. 2010a_Ancient and post agricultural forests_Belgium_p1011_NA | D76: PR_Baeten et al. 2010a_Ancient and post agricultural forests_Belgium | E76: PR_Baeten et al. 2010a_Ancient and post agricultural forests_Belgium | F76: Baeten et al. 2010a | G76: Ancient and post agricultural forests_Belgium | H76: p1011 | I76: NA | J76: p1011 | K76: 51158523 | L76: 3896493 | M76: 147 | N76: < 147 | O76: 2009 | P76: maximum | Q76: recovering | R76: herbaceous | S76: presence | T76: occurrence | U76: occurrence (presence/absence) | V76: no | W76: visual encounter survey | X76: 1 | Y76: NA | Z76: 1 | AA76: 78 | AB76: 1 | AC76: deforestation and reforestation phases. Early impacts in pre-history | AD76: NA | AE76: agricultural land | AF76: NA | AG76: 2 | AH76: some cuttings are probable, but not more recent than 10 years | AI76: Alluvial forests. Assuming that those plots are the once measured in 2009 but not in 1980 | AJ76: NA | AK76: Belgium | AL76: herbs | AM76: users | AN76: farming | AO76: NA | AP76: NA | AQ76: logging | AR76: logging | AS76: 0 | AT76: 0 | AU76: none | AV76: regular | AW76: community | AX76: species | AY76: 94 | AZ76: 8 | BA76: NA | BB76: NA | BC76: 595195871561 | BD76: 5 | BE76: 0.03191489361702127
A77: PR_Baeten et al. 2010a_Ancient and post agricultural forests_Belgium_p102_NA | B77: PR | C77: Baeten et al. 2010a_Ancient and post agricultural forests_Belgium_p102_NA | D77: PR_Baeten et al. 2010a_Ancient and post agricultural forests_Belgium | E77: PR_Baeten et al. 2010a_Ancient and post agricultural forests_Belgium | F77: Baeten et al. 2010a | G77: Ancient and post agricultural forests_Belgium | H77: p102 | I77: NA | J77: p102 | K77: 51143505 | L77: 3924838 | M77: 147 | N77: < 147 | O77: 2009 | P77: maximum | Q77: recovering | R77: herbaceous | S77: presence | T77: occurrence | U77: occurrence (presence/absence) | V77: no | W77: visual encounter survey | X77: 1 | Y77: NA | Z77: 1 | AA77: 78 | AB77: 1 | AC77: deforestation and reforestation phases. Early impacts in pre-history | AD77: NA | AE77: agricultural land | AF77: NA | AG77: 2 | AH77: some cuttings are probable, but not more recent than 10 years | AI77: Alluvial forests. Assuming that those plots are the once measured in 2009 but not in 1980 | AJ77: NA | AK77: Belgium | AL77: herbs | AM77: users | AN77: farming | AO77: NA | AP77: NA | AQ77: logging | AR77: logging | AS77: 0 | AT77: 0 | AU77: none | AV77: regular | AW77: community | AX77: species | AY77: 94 | AZ77: 12 | BA77: NA | BB77: NA | BC77: 695736778 | BD77: 6 | BE77: 0.03191489361702127
A78: PR_Baeten et al. 2010a_Ancient and post agricultural forests_Belgium_p103_NA | B78: PR | C78: Baeten et al. 2010a_Ancient and post agricultural forests_Belgium_p103_NA | D78: PR_Baeten et al. 2010a_Ancient and post agricultural forests_Belgium | E78: PR_Baeten et al. 2010a_Ancient and post agricultural forests_Belgium | F78: Baeten et al. 2010a | G78: Ancient and post agricultural forests_Belgium | H78: p103 | I78: NA | J78: p103 | K78: 51069476 | L78: 3364205 | M78: 234 | N78: > 234 | O78: 2009 | P78: minimum | Q78: reference | R78: herbaceous | S78: presence | T78: occurrence | U78: occurrence (presence/absence) | V78: no | W78: visual encounter survey | X78: 1 | Y78: NA | Z78: 1 | AA78: 78 | AB78: 1 | AC78: deforestation and reforestation phases. Early impacts in pre-history | AD78: NA | AE78: none | AF78: NA | AG78: 0 | AH78: some cuttings are probable, but not more recent than 10 years | AI78: Alluvial forests. Assuming that those plots are the once measured in 2009 but not in 1980 | AJ78: NA | AK78: Belgium | AL78: herbs | AM78: users | AN78: none | AO78: NA | AP78: NA | AQ78: logging | AR78: logging | AS78: 0 | AT78: 0 | AU78: none | AV78: regular | AW78: community | AX78: species | AY78: 94 | AZ78: 12 | BA78: NA | BB78: NA | BC78: 533718886 | BD78: 5 | BE78: 0.03191489361702127
A79: PR_Baeten et al. 2010a_Ancient and post agricultural forests_Belgium_p106_NA | B79: PR | C79: Baeten et al. 2010a_Ancient and post agricultural forests_Belgium_p106_NA | D79: PR_Baeten et al. 2010a_Ancient and post agricultural forests_Belgium | E79: PR_Baeten et al. 2010a_Ancient and post agricultural forests_Belgium | F79: Baeten et al. 2010a | G79: Ancient and post agricultural forests_Belgium | H79: p106 | I79: NA | J79: p106 | K79: 51068995 | L79: 336266 | M79: 147 | N79: < 147 | O79: 2009 | P79: maximum | Q79: recovering | R79: herbaceous | S79: presence | T79: occurrence | U79: occurrence (presence/absence) | V79: no | W79: visual encounter survey | X79: 1 | Y79: NA | Z79: 1 | AA79: 78 | AB79: 1 | AC79: deforestation and reforestation phases. Early impacts in pre-history | AD79: NA | AE79: agricultural land | AF79: NA | AG79: 2 | AH79: some cuttings are probable, but not more recent than 10 years | AI79: Alluvial forests. Assuming that those plots are the once measured in 2009 but not in 1980 | AJ79: NA | AK79: Belgium | AL79: herbs | AM79: users | AN79: farming | AO79: NA | AP79: NA | AQ79: logging | AR79: logging | AS79: 0 | AT79: 0 | AU79: none | AV79: regular | AW79: community | AX79: species | AY79: 94 | AZ79: 21 | BA79: NA | BB79: NA | BC79: 1124121860561 | BD79: 10 | BE79: 0.03191489361702127
A80: PR_Baeten et al. 2010a_Ancient and post agricultural forests_Belgium_p107_NA | B80: PR | C80: Baeten et al. 2010a_Ancient and post agricultural forests_Belgium_p107_NA | D80: PR_Baeten et al. 2010a_Ancient and post agricultural forests_Belgium | E80: PR_Baeten et al. 2010a_Ancient and post agricultural forests_Belgium | F80: Baeten et al. 2010a | G80: Ancient and post agricultural forests_Belgium | H80: p107 | I80: NA | J80: p107 | K80: 51072363 | L80: 3358136 | M80: 234 | N80: > 234 | O80: 2009 | P80: minimum | Q80: reference | R80: herbaceous | S80: presence | T80: occurrence | U80: occurrence (presence/absence) | V80: no | W80: visual encounter survey | X80: 1 | Y80: NA | Z80: 1 | AA80: 78 | AB80: 1 | AC80: deforestation and reforestation phases. Early impacts in pre-history | AD80: NA | AE80: none | AF80: NA | AG80: 0 | AH80: some cuttings are probable, but not more recent than 10 years | AI80: Alluvial forests. Assuming that those plots are the once measured in 2009 but not in 1980 | AJ80: NA | AK80: Belgium | AL80: herbs | AM80: users | AN80: none | AO80: NA | AP80: NA | AQ80: logging | AR80: logging | AS80: 0 | AT80: 0 | AU80: none | AV80: regular | AW80: community | AX80: species | AY80: 94 | AZ80: 19 | BA80: NA | BB80: NA | BC80: 952130116561 | BD80: 9 | BE80: 0.03191489361702127
A81: PR_Baeten et al. 2010a_Ancient and post agricultural forests_Belgium_p109_NA | B81: PR | C81: Baeten et al. 2010a_Ancient and post agricultural forests_Belgium_p109_NA | D81: PR_Baeten et al. 2010a_Ancient and post agricultural forests_Belgium | E81: PR_Baeten et al. 2010a_Ancient and post agricultural forests_Belgium | F81: Baeten et al. 2010a | G81: Ancient and post agricultural forests_Belgium | H81: p109 | I81: NA | J81: p109 | K81: 51168276 | L81: 3997277 | M81: 234 | N81: > 234 | O81: 2009 | P81: minimum | Q81: reference | R81: herbaceous | S81: presence | T81: occurrence | U81: occurrence (presence/absence) | V81: no | W81: visual encounter survey | X81: 1 | Y81: NA | Z81: 1 | AA81: 78 | AB81: 1 | AC81: deforestation and reforestation phases. Early impacts in pre-history | AD81: NA | AE81: none | AF81: NA | AG81: 0 | AH81: some cuttings are probable, but not more recent than 10 years | AI81: Alluvial forests. Assuming that those plots are the once measured in 2009 but not in 1980 | AJ81: NA | AK81: Belgium | AL81: herbs | AM81: users | AN81: none | AO81: NA | AP81: NA | AQ81: logging | AR81: logging | AS81: 0 | AT81: 0 | AU81: none | AV81: regular | AW81: community | AX81: species | AY81: 94 | AZ81: 8 | BA81: NA | BB81: NA | BC81: 0.004167 | BD81: 1 | BE81: 0.03191489361702127
A82: PR_Baeten et al. 2010a_Ancient and post agricultural forests_Belgium_p11_NA | B82: PR | C82: Baeten et al. 2010a_Ancient and post agricultural forests_Belgium_p11_NA | D82: PR_Baeten et al. 2010a_Ancient and post agricultural forests_Belgium | E82: PR_Baeten et al. 2010a_Ancient and post agricultural forests_Belgium | F82: Baeten et al. 2010a | G82: Ancient and post agricultural forests_Belgium | H82: p11 | I82: NA | J82: p11 | K82: 51123826 | L82: 3232187 | M82: 147 | N82: < 147 | O82: 2009 | P82: maximum | Q82: recovering | R82: herbaceous | S82: presence | T82: occurrence | U82: occurrence (presence/absence) | V82: no | W82: visual encounter survey | X82: 1 | Y82: NA | Z82: 1 | AA82: 78 | AB82: 1 | AC82: deforestation and reforestation phases. Early impacts in pre-history | AD82: NA | AE82: agricultural land | AF82: NA | AG82: 2 | AH82: some cuttings are probable, but not more recent than 10 years | AI82: Alluvial forests. Assuming that those plots are the once measured in 2009 but not in 1980 | AJ82: NA | AK82: Belgium | AL82: herbs | AM82: users | AN82: farming | AO82: NA | AP82: NA | AQ82: logging | AR82: logging | AS82: 0 | AT82: 0 | AU82: none | AV82: regular | AW82: community | AX82: species | AY82: 94 | AZ82: 20 | BA82: NA | BB82: NA | BC82: 959620403 | BD82: 8 | BE82: 0.03191489361702127
A83: PR_Baeten et al. 2010a_Ancient and post agricultural forests_Belgium_p110_NA | B83: PR | C83: Baeten et al. 2010a_Ancient and post agricultural forests_Belgium_p110_NA | D83: PR_Baeten et al. 2010a_Ancient and post agricultural forests_Belgium | E83: PR_Baeten et al. 2010a_Ancient and post agricultural forests_Belgium | F83: Baeten et al. 2010a | G83: Ancient and post agricultural forests_Belgium | H83: p110 | I83: NA | J83: p110 | K83: 51167104 | L83: 3993569 | M83: 234 | N83: > 234 | O83: 2009 | P83: minimum | Q83: reference | R83: herbaceous | S83: presence | T83: occurrence | U83: occurrence (presence/absence) | V83: no | W83: visual encounter survey | X83: 1 | Y83: NA | Z83: 1 | AA83: 78 | AB83: 1 | AC83: deforestation and reforestation phases. Early impacts in pre-history | AD83: NA | AE83: none | AF83: NA | AG83: 0 | AH83: some cuttings are probable, but not more recent than 10 years | AI83: Alluvial forests. Assuming that those plots are the once measured in 2009 but not in 1980 | AJ83: NA | AK83: Belgium | AL83: herbs | AM83: users | AN83: none | AO83: NA | AP83: NA | AQ83: logging | AR83: logging | AS83: 0 | AT83: 0 | AU83: none | AV83: regular | AW83: community | AX83: species | AY83: 94 | AZ83: 5 | BA83: NA | BB83: NA | BC83: 369875247561 | BD83: 3 | BE83: 0.03191489361702127
A84: PR_Baeten et al. 2010a_Ancient and post agricultural forests_Belgium_p115_NA | B84: PR | C84: Baeten et al. 2010a_Ancient and post agricultural forests_Belgium_p115_NA | D84: PR_Baeten et al. 2010a_Ancient and post agricultural forests_Belgium | E84: PR_Baeten et al. 2010a_Ancient and post agricultural forests_Belgium | F84: Baeten et al. 2010a | G84: Ancient and post agricultural forests_Belgium | H84: p115 | I84: NA | J84: p115 | K84: 51151085 | L84: 320561 | M84: 234 | N84: > 234 | O84: 2009 | P84: minimum | Q84: reference | R84: herbaceous | S84: presence | T84: occurrence | U84: occurrence (presence/absence) | V84: no | W84: visual encounter survey | X84: 1 | Y84: NA | Z84: 1 | AA84: 78 | AB84: 1 | AC84: deforestation and reforestation phases. Early impacts in pre-history | AD84: NA | AE84: none | AF84: NA | AG84: 0 | AH84: some cuttings are probable, but not more recent than 10 years | AI84: Alluvial forests. Assuming that those plots are the once measured in 2009 but not in 1980 | AJ84: NA | AK84: Belgium | AL84: herbs | AM84: users | AN84: none | AO84: NA | AP84: NA | AQ84: logging | AR84: logging | AS84: 0 | AT84: 0 | AU84: none | AV84: regular | AW84: community | AX84: species | AY84: 94 | AZ84: 14 | BA84: NA | BB84: NA | BC84: 8.6142784e+15 | BD84: 8 | BE84: 0.03191489361702127
A85: PR_Baeten et al. 2010a_Ancient and post agricultural forests_Belgium_p119_NA | B85: PR | C85: Baeten et al. 2010a_Ancient and post agricultural forests_Belgium_p119_NA | D85: PR_Baeten et al. 2010a_Ancient and post agricultural forests_Belgium | E85: PR_Baeten et al. 2010a_Ancient and post agricultural forests_Belgium | F85: Baeten et al. 2010a | G85: Ancient and post agricultural forests_Belgium | H85: p119 | I85: NA | J85: p119 | K85: 5110304 | L85: 4054932 | M85: 234 | N85: > 234 | O85: 2009 | P85: minimum | Q85: reference | R85: herbaceous | S85: presence | T85: occurrence | U85: occurrence (presence/absence) | V85: no | W85: visual encounter survey | X85: 1 | Y85: NA | Z85: 1 | AA85: 78 | AB85: 1 | AC85: deforestation and reforestation phases. Early impacts in pre-history | AD85: NA | AE85: none | AF85: NA | AG85: 0 | AH85: some cuttings are probable, but not more recent than 10 years | AI85: Alluvial forests. Assuming that those plots are the once measured in 2009 but not in 1980 | AJ85: NA | AK85: Belgium | AL85: herbs | AM85: users | AN85: none | AO85: NA | AP85: NA | AQ85: logging | AR85: logging | AS85: 0 | AT85: 0 | AU85: none | AV85: regular | AW85: community | AX85: species | AY85: 94 | AZ85: 9 | BA85: NA | BB85: NA | BC85: 335717408 | BD85: 3 | BE85: 0.03191489361702127
A86: PR_Baeten et al. 2010a_Ancient and post agricultural forests_Belgium_p12_NA | B86: PR | C86: Baeten et al. 2010a_Ancient and post agricultural forests_Belgium_p12_NA | D86: PR_Baeten et al. 2010a_Ancient and post agricultural forests_Belgium | E86: PR_Baeten et al. 2010a_Ancient and post agricultural forests_Belgium | F86: Baeten et al. 2010a | G86: Ancient and post agricultural forests_Belgium | H86: p12 | I86: NA | J86: p12 | K86: 51122759 | L86: 3233356 | M86: 147 | N86: < 147 | O86: 2009 | P86: maximum | Q86: recovering | R86: herbaceous | S86: presence | T86: occurrence | U86: occurrence (presence/absence) | V86: no | W86: visual encounter survey | X86: 1 | Y86: NA | Z86: 1 | AA86: 78 | AB86: 1 | AC86: deforestation and reforestation phases. Early impacts in pre-history | AD86: NA | AE86: agricultural land | AF86: NA | AG86: 2 | AH86: some cuttings are probable, but not more recent than 10 years | AI86: Alluvial forests. Assuming that those plots are the once measured in 2009 but not in 1980 | AJ86: NA | AK86: Belgium | AL86: herbs | AM86: users | AN86: farming | AO86: NA | AP86: NA | AQ86: logging | AR86: logging | AS86: 0 | AT86: 0 | AU86: none | AV86: regular | AW86: community | AX86: species | AY86: 94 | AZ86: 22 | BA86: NA | BB86: NA | BC86: 1134038113561 | BD86: 11 | BE86: 0.03191489361702127
A87: PR_Baeten et al. 2010a_Ancient and post agricultural forests_Belgium_p123_NA | B87: PR | C87: Baeten et al. 2010a_Ancient and post agricultural forests_Belgium_p123_NA | D87: PR_Baeten et al. 2010a_Ancient and post agricultural forests_Belgium | E87: PR_Baeten et al. 2010a_Ancient and post agricultural forests_Belgium | F87: Baeten et al. 2010a | G87: Ancient and post agricultural forests_Belgium | H87: p123 | I87: NA | J87: p123 | K87: 51142647 | L87: 3912014 | M87: 147 | N87: < 147 | O87: 2009 | P87: maximum | Q87: recovering | R87: herbaceous | S87: presence | T87: occurrence | U87: occurrence (presence/absence) | V87: no | W87: visual encounter survey | X87: 1 | Y87: NA | Z87: 1 | AA87: 78 | AB87: 1 | AC87: deforestation and reforestation phases. Early impacts in pre-history | AD87: NA | AE87: agricultural land | AF87: NA | AG87: 2 | AH87: some cuttings are probable, but not more recent than 10 years | AI87: Alluvial forests. Assuming that those plots are the once measured in 2009 but not in 1980 | AJ87: NA | AK87: Belgium | AL87: herbs | AM87: users | AN87: farming | AO87: NA | AP87: NA | AQ87: logging | AR87: logging | AS87: 0 | AT87: 0 | AU87: none | AV87: regular | AW87: community | AX87: species | AY87: 94 | AZ87: 12 | BA87: NA | BB87: NA | BC87: 281749878 | BD87: 3 | BE87: 0.03191489361702127
A88: PR_Baeten et al. 2010a_Ancient and post agricultural forests_Belgium_p125_NA | B88: PR | C88: Baeten et al. 2010a_Ancient and post agricultural forests_Belgium_p125_NA | D88: PR_Baeten et al. 2010a_Ancient and post agricultural forests_Belgium | E88: PR_Baeten et al. 2010a_Ancient and post agricultural forests_Belgium | F88: Baeten et al. 2010a | G88: Ancient and post agricultural forests_Belgium | H88: p125 | I88: NA | J88: p125 | K88: 51146352 | L88: 3921867 | M88: 147 | N88: < 147 | O88: 2009 | P88: maximum | Q88: recovering | R88: herbaceous | S88: presence | T88: occurrence | U88: occurrence (presence/absence) | V88: no | W88: visual encounter survey | X88: 1 | Y88: NA | Z88: 1 | AA88: 78 | AB88: 1 | AC88: deforestation and reforestation phases. Early impacts in pre-history | AD88: NA | AE88: agricultural land | AF88: NA | AG88: 2 | AH88: some cuttings are probable, but not more recent than 10 years | AI88: Alluvial forests. Assuming that those plots are the once measured in 2009 but not in 1980 | AJ88: NA | AK88: Belgium | AL88: herbs | AM88: users | AN88: farming | AO88: NA | AP88: NA | AQ88: logging | AR88: logging | AS88: 0 | AT88: 0 | AU88: none | AV88: regular | AW88: community | AX88: species | AY88: 94 | AZ88: 18 | BA88: NA | BB88: NA | BC88: 1109829818561 | BD88: 11 | BE88: 0.03191489361702127
A89: PR_Baeten et al. 2010a_Ancient and post agricultural forests_Belgium_p126_NA | B89: PR | C89: Baeten et al. 2010a_Ancient and post agricultural forests_Belgium_p126_NA | D89: PR_Baeten et al. 2010a_Ancient and post agricultural forests_Belgium | E89: PR_Baeten et al. 2010a_Ancient and post agricultural forests_Belgium | F89: Baeten et al. 2010a | G89: Ancient and post agricultural forests_Belgium | H89: p126 | I89: NA | J89: p126 | K89: 51144557 | L89: 3922485 | M89: 147 | N89: < 147 | O89: 2009 | P89: maximum | Q89: recovering | R89: herbaceous | S89: presence | T89: occurrence | U89: occurrence (presence/absence) | V89: no | W89: visual encounter survey | X89: 1 | Y89: NA | Z89: 1 | AA89: 78 | AB89: 1 | AC89: deforestation and reforestation phases. Early impacts in pre-history | AD89: NA | AE89: agricultural land | AF89: NA | AG89: 2 | AH89: some cuttings are probable, but not more recent than 10 years | AI89: Alluvial forests. Assuming that those plots are the once measured in 2009 but not in 1980 | AJ89: NA | AK89: Belgium | AL89: herbs | AM89: users | AN89: farming | AO89: NA | AP89: NA | AQ89: logging | AR89: logging | AS89: 0 | AT89: 0 | AU89: none | AV89: regular | AW89: community | AX89: species | AY89: 94 | AZ89: 15 | BA89: NA | BB89: NA | BC89: 788021342561 | BD89: 8 | BE89: 0.03191489361702127
A90: PR_Baeten et al. 2010a_Ancient and post agricultural forests_Belgium_p128_NA | B90: PR | C90: Baeten et al. 2010a_Ancient and post agricultural forests_Belgium_p128_NA | D90: PR_Baeten et al. 2010a_Ancient and post agricultural forests_Belgium | E90: PR_Baeten et al. 2010a_Ancient and post agricultural forests_Belgium | F90: Baeten et al. 2010a | G90: Ancient and post agricultural forests_Belgium | H90: p128 | I90: NA | J90: p128 | K90: 51069955 | L90: 3373027 | M90: 234 | N90: > 234 | O90: 2009 | P90: minimum | Q90: reference | R90: herbaceous | S90: presence | T90: occurrence | U90: occurrence (presence/absence) | V90: no | W90: visual encounter survey | X90: 1 | Y90: NA | Z90: 1 | AA90: 78 | AB90: 1 | AC90: deforestation and reforestation phases. Early impacts in pre-history | AD90: NA | AE90: none | AF90: NA | AG90: 0 | AH90: some cuttings are probable, but not more recent than 10 years | AI90: Alluvial forests. Assuming that those plots are the once measured in 2009 but not in 1980 | AJ90: NA | AK90: Belgium | AL90: herbs | AM90: users | AN90: none | AO90: NA | AP90: NA | AQ90: logging | AR90: logging | AS90: 0 | AT90: 0 | AU90: none | AV90: regular | AW90: community | AX90: species | AY90: 94 | AZ90: 20 | BA90: NA | BB90: NA | BC90: 1100056689561 | BD90: 11 | BE90: 0.03191489361702127
A91: PR_Baeten et al. 2010a_Ancient and post agricultural forests_Belgium_p137_NA | B91: PR | C91: Baeten et al. 2010a_Ancient and post agricultural forests_Belgium_p137_NA | D91: PR_Baeten et al. 2010a_Ancient and post agricultural forests_Belgium | E91: PR_Baeten et al. 2010a_Ancient and post agricultural forests_Belgium | F91: Baeten et al. 2010a | G91: Ancient and post agricultural forests_Belgium | H91: p137 | I91: NA | J91: p137 | K91: 51172631 | L91: 3198052 | M91: 234 | N91: > 234 | O91: 2009 | P91: minimum | Q91: reference | R91: herbaceous | S91: presence | T91: occurrence | U91: occurrence (presence/absence) | V91: no | W91: visual encounter survey | X91: 1 | Y91: NA | Z91: 1 | AA91: 78 | AB91: 1 | AC91: deforestation and reforestation phases. Early impacts in pre-history | AD91: NA | AE91: none | AF91: NA | AG91: 0 | AH91: some cuttings are probable, but not more recent than 10 years | AI91: Alluvial forests. Assuming that those plots are the once measured in 2009 but not in 1980 | AJ91: NA | AK91: Belgium | AL91: herbs | AM91: users | AN91: none | AO91: NA | AP91: NA | AQ91: logging | AR91: logging | AS91: 0 | AT91: 0 | AU91: none | AV91: regular | AW91: community | AX91: species | AY91: 94 | AZ91: 8 | BA91: NA | BB91: NA | BC91: 6.5052482e+15 | BD91: 6 | BE91: 0.03191489361702127
A92: PR_Baeten et al. 2010a_Ancient and post agricultural forests_Belgium_p138_NA | B92: PR | C92: Baeten et al. 2010a_Ancient and post agricultural forests_Belgium_p138_NA | D92: PR_Baeten et al. 2010a_Ancient and post agricultural forests_Belgium | E92: PR_Baeten et al. 2010a_Ancient and post agricultural forests_Belgium | F92: Baeten et al. 2010a | G92: Ancient and post agricultural forests_Belgium | H92: p138 | I92: NA | J92: p138 | K92: 51172308 | L92: 3198175 | M92: 234 | N92: > 234 | O92: 2009 | P92: minimum | Q92: reference | R92: herbaceous | S92: presence | T92: occurrence | U92: occurrence (presence/absence) | V92: no | W92: visual encounter survey | X92: 1 | Y92: NA | Z92: 1 | AA92: 78 | AB92: 1 | AC92: deforestation and reforestation phases. Early impacts in pre-history | AD92: NA | AE92: none | AF92: NA | AG92: 0 | AH92: some cuttings are probable, but not more recent than 10 years | AI92: Alluvial forests. Assuming that those plots are the once measured in 2009 but not in 1980 | AJ92: NA | AK92: Belgium | AL92: herbs | AM92: users | AN92: none | AO92: NA | AP92: NA | AQ92: logging | AR92: logging | AS92: 0 | AT92: 0 | AU92: none | AV92: regular | AW92: community | AX92: species | AY92: 94 | AZ92: 7 | BA92: NA | BB92: NA | BC92: 493838715561 | BD92: 4 | BE92: 0.03191489361702127
A93: PR_Baeten et al. 2010a_Ancient and post agricultural forests_Belgium_p14_NA | B93: PR | C93: Baeten et al. 2010a_Ancient and post agricultural forests_Belgium_p14_NA | D93: PR_Baeten et al. 2010a_Ancient and post agricultural forests_Belgium | E93: PR_Baeten et al. 2010a_Ancient and post agricultural forests_Belgium | F93: Baeten et al. 2010a | G93: Ancient and post agricultural forests_Belgium | H93: p14 | I93: NA | J93: p14 | K93: 51120607 | L93: 3228323 | M93: 147 | N93: < 147 | O93: 2009 | P93: maximum | Q93: recovering | R93: herbaceous | S93: presence | T93: occurrence | U93: occurrence (presence/absence) | V93: no | W93: visual encounter survey | X93: 1 | Y93: NA | Z93: 1 | AA93: 78 | AB93: 1 | AC93: deforestation and reforestation phases. Early impacts in pre-history | AD93: NA | AE93: agricultural land | AF93: NA | AG93: 2 | AH93: some cuttings are probable, but not more recent than 10 years | AI93: Alluvial forests. Assuming that those plots are the once measured in 2009 but not in 1980 | AJ93: NA | AK93: Belgium | AL93: herbs | AM93: users | AN93: farming | AO93: NA | AP93: NA | AQ93: logging | AR93: logging | AS93: 0 | AT93: 0 | AU93: none | AV93: regular | AW93: community | AX93: species | AY93: 94 | AZ93: 13 | BA93: NA | BB93: NA | BC93: 678687685 | BD93: 6 | BE93: 0.03191489361702127
... A150: PR_Baeten et al. 2010a_Ancient and post agricultural forests_Belgium_pLK80_NA | B150: PR | C150: Baeten et al. 2010a_Ancient and post agricultural forests_Belgium_pLK80_NA | D150: PR_Baeten et al. 2010a_Ancient and post agricultural forests_Belgium | E150: PR_Baeten et al. 2010a_Ancient and post agricultural forests_Belgium | F150: Baeten et al. 2010a | G150: Ancient and post agricultural forests_Belgium | H150: pLK80 | I150: NA | J150: pLK80 | K150: 50823254 | L150: 3619132 | M150: 147 | N150: < 147 | O150: 2009 | P150: maximum | Q150: recovering | R150: herbaceous | S150: presence | T150: occurrence | U150: occurrence (presence/absence) | V150: no | W150: visual encounter survey | X150: 1 | Y150: NA | Z150: 1 | AA150: 78 | AB150: 1 | AC150: deforestation and reforestation phases. Early impacts in pre-history | AD150: NA | AE150: agricultural land | AF150: NA | AG150: 2 | AH150: some cuttings are probable, but not more recent than 10 years | AI150: Alluvial forests. Assuming that those plots are the once measured in 2009 but not in 1980 | AJ150: NA | AK150: Belgium | AL150: herbs | AM150: users | AN150: farming | AO150: NA | AP150: NA | AQ150: logging | AR150: logging | AS150: 0 | AT150: 0 | AU150: none | AV150: regular | AW150: community | AX150: species | AY150: 94 | AZ150: 22 | BA150: NA | BB150: NA | BC150: 1257792666561 | BD150: 14 | BE150: 0.03191489361702127
A151: PR_Berry et al. 2010_Berry Borneo trees 2.5cm_1_NA | B151: PR | C151: Berry et al. 2010_Berry Borneo trees 2.5cm_1_NA | D151: PR_Berry et al. 2010_Berry Borneo trees 2.5cm | E151: PR_Berry et al. 2010_Berry Borneo trees 2.5cm | F151: Berry et al. 2010 | G151: Berry Borneo trees 2.5cm | H151: 1 | I151: NA | J151: 1 | K151: 4.961395e+16 | L151: 117796469 | M151: 500 | N151: Old | O151: 2006 | P151: category | Q151: reference | R151: trees | S151: trees >= 5 cm diameter | T151: abundance | U151: abundance (individuals) | V151: no | W151: line/belt transects | X151: 1 | Y151: NA | Z151: 1 | AA151: 30 | AB151: 1 | AC151: natural disturbances | AD151: NA | AE151: none | AF151: strictly protected | AG151: 0 | AH151: NA | AI151: Los cuadrados rellenos de la Fig.1 son 11 y 9, lo que coincide con las lineas de la tabla | AJ151: NA | AK151: Malaysia | AL151: trees | AM151: engineers | AN151: none | AO151: protection | AP151: NA | AQ151: NA | AR151: none | AS151: 0 | AT151: 1 | AU151: none | AV151: protection | AW151: community | AX151: species | AY151: 577 | AZ151: 92 | BA151: 224 | BB151: 6.0676802e+16 | BC151: 32334495443 | BD151: 60 | BE151: 0.05545927209705372
A152: PR_Berry et al. 2010_Berry Borneo trees 2.5cm_10_NA | B152: PR | C152: Berry et al. 2010_Berry Borneo trees 2.5cm_10_NA | D152: PR_Berry et al. 2010_Berry Borneo trees 2.5cm | E152: PR_Berry et al. 2010_Berry Borneo trees 2.5cm | F152: Berry et al. 2010 | G152: Berry Borneo trees 2.5cm | H152: 10 | I152: NA | J152: 10 | K152: 496285 | L152: 117789796 | M152: 500 | N152: Old | O152: 2006 | P152: category | Q152: reference | R152: trees | S152: trees >= 5 cm diameter | T152: abundance | U152: abundance (individuals) | V152: no | W152: line/belt transects | X152: 1 | Y152: NA | Z152: 1 | AA152: 30 | AB152: 1 | AC152: natural disturbances | AD152: NA | AE152: none | AF152: strictly protected | AG152: 0 | AH152: NA | AI152: Los cuadrados rellenos de la Fig.1 son 11 y 9, lo que coincide con las lineas de la tabla | AJ152: NA | AK152: Malaysia | AL152: trees | AM152: engineers | AN152: none | AO152: protection | AP152: NA | AQ152: NA | AR152: none | AS152: 0 | AT152: 1 | AU152: none | AV152: protection | AW152: community | AX152: species | AY152: 577 | AZ152: 83 | BA152: 249 | BB152: 5.7161045e+15 | BC152: 3286849759 | BD152: 52 | BE152: 0.05545927209705372
A153: PR_Berry et al. 2010_Berry Borneo trees 2.5cm_11_NA | B153: PR | C153: Berry et al. 2010_Berry Borneo trees 2.5cm_11_NA | D153: PR_Berry et al. 2010_Berry Borneo trees 2.5cm | E153: PR_Berry et al. 2010_Berry Borneo trees 2.5cm | F153: Berry et al. 2010 | G153: Berry Borneo trees 2.5cm | H153: 11 | I153: NA | J153: 11 | K153: 4957733 | L153: 117802426 | M153: 500 | N153: Old | O153: 2006 | P153: category | Q153: reference | R153: trees | S153: trees >= 5 cm diameter | T153: abundance | U153: abundance (individuals) | V153: no | W153: line/belt transects | X153: 1 | Y153: NA | Z153: 1 | AA153: 30 | AB153: 1 | AC153: natural disturbances | AD153: NA | AE153: none | AF153: strictly protected | AG153: 0 | AH153: NA | AI153: Los cuadrados rellenos de la Fig.1 son 11 y 9, lo que coincide con las lineas de la tabla | AJ153: NA | AK153: Malaysia | AL153: trees | AM153: engineers | AN153: none | AO153: protection | AP153: NA | AQ153: NA | AR153: none | AS153: 0 | AT153: 1 | AU153: none | AV153: protection | AW153: community | AX153: species | AY153: 577 | AZ153: 90 | BA153: 217 | BB153: 5.9764551e+15 | BC153: 35869283917 | BD153: 57 | BE153: 0.05545927209705372
A154: PR_Berry et al. 2010_Berry Borneo trees 2.5cm_12_NA | B154: PR | C154: Berry et al. 2010_Berry Borneo trees 2.5cm_12_NA | D154: PR_Berry et al. 2010_Berry Borneo trees 2.5cm | E154: PR_Berry et al. 2010_Berry Borneo trees 2.5cm | F154: Berry et al. 2010 | G154: Berry Borneo trees 2.5cm | H154: 12 | I154: NA | J154: 12 | K154: 4956864 | L154: 117802777 | M154: 500 | N154: Old | O154: 2006 | P154: category | Q154: reference | R154: trees | S154: trees >= 5 cm diameter | T154: abundance | U154: abundance (individuals) | V154: no | W154: line/belt transects | X154: 1 | Y154: NA | Z154: 1 | AA154: 30 | AB154: 1 | AC154: natural disturbances | AD154: NA | AE154: none | AF154: strictly protected | AG154: 0 | AH154: NA | AI154: Los cuadrados rellenos de la Fig.1 son 11 y 9, lo que coincide con las lineas de la tabla | AJ154: NA | AK154: Malaysia | AL154: trees | AM154: engineers | AN154: none | AO154: protection | AP154: NA | AQ154: NA | AR154: none | AS154: 0 | AT154: 1 | AU154: none | AV154: protection | AW154: community | AX154: species | AY154: 577 | AZ154: 96 | BA154: 215 | BB154: 5.9686592e+15 | BC154: 37807104413 | BD154: 63 | BE154: 0.05545927209705372
A155: PR_Berry et al. 2010_Berry Borneo trees 2.5cm_13_NA | B155: PR | C155: Berry et al. 2010_Berry Borneo trees 2.5cm_13_NA | D155: PR_Berry et al. 2010_Berry Borneo trees 2.5cm | E155: PR_Berry et al. 2010_Berry Borneo trees 2.5cm | F155: Berry et al. 2010 | G155: Berry Borneo trees 2.5cm | H155: 13 | I155: NA | J155: 13 | K155: 4957855 | L155: 117805935 | M155: 500 | N155: Old | O155: 2006 | P155: category | Q155: reference | R155: trees | S155: trees >= 5 cm diameter | T155: abundance | U155: abundance (individuals) | V155: no | W155: line/belt transects | X155: 1 | Y155: NA | Z155: 1 | AA155: 30 | AB155: 1 | AC155: natural disturbances | AD155: NA | AE155: none | AF155: strictly protected | AG155: 0 | AH155: NA | AI155: Los cuadrados rellenos de la Fig.1 son 11 y 9, lo que coincide con las lineas de la tabla | AJ155: NA | AK155: Malaysia | AL155: trees | AM155: engineers | AN155: none | AO155: protection | AP155: NA | AQ155: NA | AR155: none | AS155: 0 | AT155: 1 | AU155: none | AV155: protection | AW155: community | AX155: species | AY155: 577 | AZ155: 91 | BA155: 257 | BB155: 5.7992741e+15 | BC155: 3769944058 | BD155: 59 | BE155: 0.05545927209705372
A156: PR_Berry et al. 2010_Berry Borneo trees 2.5cm_14_NA | B156: PR | C156: Berry et al. 2010_Berry Borneo trees 2.5cm_14_NA | D156: PR_Berry et al. 2010_Berry Borneo trees 2.5cm | E156: PR_Berry et al. 2010_Berry Borneo trees 2.5cm | F156: Berry et al. 2010 | G156: Berry Borneo trees 2.5cm | H156: 14 | I156: NA | J156: 14 | K156: 4957128 | L156: 11780855 | M156: 500 | N156: Old | O156: 2006 | P156: category | Q156: reference | R156: trees | S156: trees >= 5 cm diameter | T156: abundance | U156: abundance (individuals) | V156: no | W156: line/belt transects | X156: 1 | Y156: NA | Z156: 1 | AA156: 30 | AB156: 1 | AC156: natural disturbances | AD156: NA | AE156: none | AF156: strictly protected | AG156: 0 | AH156: NA | AI156: Los cuadrados rellenos de la Fig.1 son 11 y 9, lo que coincide con las lineas de la tabla | AJ156: NA | AK156: Malaysia | AL156: trees | AM156: engineers | AN156: none | AO156: protection | AP156: NA | AQ156: NA | AR156: none | AS156: 0 | AT156: 1 | AU156: none | AV156: protection | AW156: community | AX156: species | AY156: 577 | AZ156: 87 | BA156: 246 | BB156: 5.3609679e+15 | BC156: 38762761283 | BD156: 63 | BE156: 0.05545927209705372
A157: PR_Berry et al. 2010_Berry Borneo trees 2.5cm_15_NA | B157: PR | C157: Berry et al. 2010_Berry Borneo trees 2.5cm_15_NA | D157: PR_Berry et al. 2010_Berry Borneo trees 2.5cm | E157: PR_Berry et al. 2010_Berry Borneo trees 2.5cm | F157: Berry et al. 2010 | G157: Berry Borneo trees 2.5cm | H157: 15 | I157: NA | J157: 15 | K157: 4958031 | L157: 117810084 | M157: 500 | N157: Old | O157: 2006 | P157: category | Q157: reference | R157: trees | S157: trees >= 5 cm diameter | T157: abundance | U157: abundance (individuals) | V157: no | W157: line/belt transects | X157: 1 | Y157: NA | Z157: 1 | AA157: 30 | AB157: 1 | AC157: natural disturbances | AD157: NA | AE157: none | AF157: strictly protected | AG157: 0 | AH157: NA | AI157: Los cuadrados rellenos de la Fig.1 son 11 y 9, lo que coincide con las lineas de la tabla | AJ157: NA | AK157: Malaysia | AL157: trees | AM157: engineers | AN157: none | AO157: protection | AP157: NA | AQ157: NA | AR157: none | AS157: 0 | AT157: 1 | AU157: none | AV157: protection | AW157: community | AX157: species | AY157: 577 | AZ157: 99 | BA157: 223 | BB157: 6.1968908e+15 | BC157: 39285629492 | BD157: 70 | BE157: 0.05545927209705372
A158: PR_Berry et al. 2010_Berry Borneo trees 2.5cm_16_NA | B158: PR | C158: Berry et al. 2010_Berry Borneo trees 2.5cm_16_NA | D158: PR_Berry et al. 2010_Berry Borneo trees 2.5cm | E158: PR_Berry et al. 2010_Berry Borneo trees 2.5cm | F158: Berry et al. 2010 | G158: Berry Borneo trees 2.5cm | H158: 16 | I158: NA | J158: 16 | K158: 4972319 | L158: 117813529 | M158: 17 | N158: 16 | O158: 2006 | P158: exact | Q158: recovering | R158: trees | S158: trees >= 5 cm diameter | T158: abundance | U158: abundance (individuals) | V158: no | W158: line/belt transects | X158: 1 | Y158: NA | Z158: 1 | AA158: 30 | AB158: 1 | AC158: tree selection cuttings | AD158: NA | AE158: logging of > 60 cm commercial species | AF158: NA | AG158: 1 | AH158: NA | AI158: Los cuadrados rellenos de la Fig.1 son 11 y 9, lo que coincide con las lineas de la tabla | AJ158: NA | AK158: Malaysia | AL158: trees | AM158: engineers | AN158: logging | AO158: NA | AP158: NA | AQ158: NA | AR158: none | AS158: 0 | AT158: 0 | AU158: none | AV158: regular | AW158: community | AX158: species | AY158: 577 | AZ158: 93 | BA158: 257 | BB158: 5.6701321e+15 | BC158: 37304639427 | BD158: 59 | BE158: 0.05545927209705372
...

Sheet comm_nodist_plants1
D3: name | E3: type | F3: Description | G3: value1 | H3: value2 | I3: value3 | J3: value4 | K3: value5 | L3: value6 | M3: value7 | N3: value8 | O3: value9
D4: id | E4: character | F4: =VLOOKUP(D4,comm_nodist_plants2!C:D,2,FALSE) -> #N/A | G4: PR_Baeten et al. 2010_Baeten Belgium vegetation recovery_p1_NA | H4: PR_Baeten et al. 2010_Baeten Belgium vegetation recovery_p10_NA | I4: PR_Baeten et al. 2010_Baeten Belgium vegetation recovery_p11_NA | J4: PR_Baeten et al. 2010_Baeten Belgium vegetation recovery_p12_NA | K4: PR_Baeten et al. 2010_Baeten Belgium vegetation recovery_p13_NA | L4: PR_Baeten et al. 2010_Baeten Belgium vegetation recovery_p14_NA | M4: PR_Baeten et al. 2010_Baeten Belgium vegetation recovery_p15_NA | N4: PR_Baeten et al. 2010_Baeten Belgium vegetation recovery_p16_NA | O4: PR_Baeten et al. 2010_Baeten Belgium vegetation recovery_p17_NA
D5: database | E5: character | F5: =VLOOKUP(D5,comm_nodist_plants2!C:D,2,FALSE) -> #N/A | G5: PR | H5: PR | I5: PR | J5: PR | K5: PR | L5: PR | M5: PR | N5: PR | O5: PR
D6: id_comm | E6: character | F6: =VLOOKUP(D6,comm_nodist_plants2!C:D,2,FALSE) -> #N/A | G6: Baeten et al. 2010_Baeten Belgium vegetation recovery_p1_NA | H6: Baeten et al. 2010_Baeten Belgium vegetation recovery_p10_NA | I6: Baeten et al. 2010_Baeten Belgium vegetation recovery_p11_NA | J6: Baeten et al. 2010_Baeten Belgium vegetation recovery_p12_NA | K6: Baeten et al. 2010_Baeten Belgium vegetation recovery_p13_NA | L6: Baeten et al. 2010_Baeten Belgium vegetation recovery_p14_NA | M6: Baeten et al. 2010_Baeten Belgium vegetation recovery_p15_NA | N6: Baeten et al. 2010_Baeten Belgium vegetation recovery_p16_NA | O6: Baeten et al. 2010_Baeten Belgium vegetation recovery_p17_NA
D7: id_study | E7: character | F7: =VLOOKUP(D7,comm_nodist_plants2!C:D,2,FALSE) -> #N/A | G7: PR_Baeten et al. 2010_Baeten Belgium vegetation recovery | H7: PR_Baeten et al. 2010_Baeten Belgium vegetation recovery | I7: PR_Baeten et al. 2010_Baeten Belgium vegetation recovery | J7: PR_Baeten et al. 2010_Baeten Belgium vegetation recovery | K7: PR_Baeten et al. 2010_Baeten Belgium vegetation recovery | L7: PR_Baeten et al. 2010_Baeten Belgium vegetation recovery | M7: PR_Baeten et al. 2010_Baeten Belgium vegetation recovery | N7: PR_Baeten et al. 2010_Baeten Belgium vegetation recovery | O7: PR_Baeten et al. 2010_Baeten Belgium vegetation recovery
D8: id_study_ori | E8: character | F8: =VLOOKUP(D8,comm_nodist_plants2!C:D,2,FALSE) -> #N/A | G8: PR_Baeten et al. 2010_Baeten Belgium vegetation recovery | H8: PR_Baeten et al. 2010_Baeten Belgium vegetation recovery | I8: PR_Baeten et al. 2010_Baeten Belgium vegetation recovery | J8: PR_Baeten et al. 2010_Baeten Belgium vegetation recovery | K8: PR_Baeten et al. 2010_Baeten Belgium vegetation recovery | L8: PR_Baeten et al. 2010_Baeten Belgium vegetation recovery | M8: PR_Baeten et al. 2010_Baeten Belgium vegetation recovery | N8: PR_Baeten et al. 2010_Baeten Belgium vegetation recovery | O8: PR_Baeten et al. 2010_Baeten Belgium vegetation recovery
D9: citation | E9: character | F9: =VLOOKUP(D9,comm_nodist_plants2!C:D,2,FALSE) -> #N/A | G9: Baeten et al. 2010 | H9: Baeten et al. 2010 | I9: Baeten et al. 2010 | J9: Baeten et al. 2010 | K9: Baeten et al. 2010 | L9: Baeten et al. 2010 | M9: Baeten et al. 2010 | N9: Baeten et al. 2010 | O9: Baeten et al. 2010
D10: study | E10: character | F10: =VLOOKUP(D10,comm_nodist_plants2!C:D,2,FALSE) -> a study can be different from other because they consider different organisms within the same source (e.g. Purata 1986), different types of measurements in the same plots or different sampling methodologies. The differentiation by organism is made if the author explicitly did, but if not all organism types will be in the same study (e.g. Romero-Duque et al. 2007 includes all woody species independently if they are trees, shrubs, lianas, etc. and other studies are focused in one of these groups). Different disturbances do not differenciate studies if there is a common reference (e.g. Purata 1996). “Study” comprises all the assemblages that are comparable to the same reference or disturbed assemblage and contains different sites and plots. | G10: Baeten Belgium vegetation recovery | H10: Baeten Belgium vegetation recovery | I10: Baeten Belgium vegetation recovery | J10: Baeten Belgium vegetation recovery | K10: Baeten Belgium vegetation recovery | L10: Baeten Belgium vegetation recovery | M10: Baeten Belgium vegetation recovery | N10: Baeten Belgium vegetation recovery | O10: Baeten Belgium vegetation recovery
D11: site | E11: character | F11: =VLOOKUP(D11,comm_nodist_plants2!C:D,2,FALSE) -> sampling site. For spatially blocked designs where pseudo-replicate information is available, each site may contain different plots. | G11: p1 | H11: p10 | I11: p11 | J11: p12 | K11: p13 | L11: p14 | M11: p15 | N11: p16 | O11: p17
D12: plot | E12: character | F12: =VLOOKUP(D12,comm_nodist_plants2!C:D,2,FALSE) -> spatial or temporal pseudo-replicates | G12: NA | H12: NA | I12: NA | J12: NA | K12: NA | L12: NA | M12: NA | N12: NA | O12: NA
D13: id_comm_source | E13: character | F13: =VLOOKUP(D13,comm_nodist_plants2!C:D,2,FALSE) -> #N/A | G13: p1 | H13: p10 | I13: p11 | J13: p12 | K13: p13 | L13: p14 | M13: p15 | N13: p16 | O13: p17
D14: exact_lat | E14: double | F14: =VLOOKUP(D14,comm_nodist_plants2!C:D,2,FALSE) -> #N/A | G14: 51123051 | H14: 51119913 | I14: 51120067 | J14: 51120175 | K14: 51116535 | L14: 51116813 | M14: 51117118 | N14: 51116424 | O14: 51116353
D15: exact_long | E15: double | F15: =VLOOKUP(D15,comm_nodist_plants2!C:D,2,FALSE) -> #N/A | G15: 3221795 | H15: 3235139 | I15: 3234797 | J15: 3234512 | K15: 3242265 | L15: 3242824 | M15: 3243383 | N15: 3243893 | O15: 3243536
D16: age | E16: double | F16: =VLOOKUP(D16,comm_nodist_plants2!C:D,2,FALSE) -> a number with years since disturbance stopped. It is the mean if a range is given, the limit if an interval is given or 1 in “recent”. | G16: 2 | H16: 1 | I16: 1 | J16: 1 | K16: 5 | L16: 5 | M16: 5 | N16: 3 | O16: 3
D17: age_ori | E17: character | F17: =VLOOKUP(D17,comm_nodist_plants2!C:D,2,FALSE) -> #N/A | G17: 2 | H17: 1 | I17: 1 | J17: 1 | K17: 5 | L17: 5 | M17: 5 | N17: 3 | O17: 3
D18: study_year | E18: double | F18: =VLOOKUP(D18,comm_nodist_plants2!C:D,2,FALSE) -> #N/A | G18: 2006 | H18: 2006 | I18: 2006 | J18: 2006 | K18: 2006 | L18: 2006 | M18: 2006 | N18: 2006 | O18: 2006
D19: temp_persp_class2 | E19: character | F19: =VLOOKUP(D19,comm_nodist_plants2!C:D,2,FALSE) -> #N/A | G19: exact | H19: exact | I19: exact | J19: exact | K19: exact | L19: exact | M19: exact | N19: exact | O19: exact
D20: stage | E20: character | F20: =VLOOKUP(D20,comm_nodist_plants2!C:D,2,FALSE) -> is the community identified as a reference/old-growth/primary/mature forest (p.e. Dent 2013), or disturbed site in the original study? Mature and primary forests can be references even when a ongoing disturbance is identified. If not, then it is a recovering stage. Productive plantations can be considered as disturbed states if there is a clear management as a forest crop or recovering if they are abandoned or there is a clear objective to keep the forest. | G20: recovering | H20: recovering | I20: recovering | J20: recovering | K20: recovering | L20: recovering | M20: recovering | N20: recovering | O20: recovering
D21: study_common_taxon | E21: character | F21: =VLOOKUP(D21,comm_nodist_plants2!C:D,2,FALSE) -> #N/A | G21: woody and herbaceous | H21: woody and herbaceous | I21: woody and herbaceous | J21: woody and herbaceous | K21: woody and herbaceous | L21: woody and herbaceous | M21: woody and herbaceous | N21: woody and herbaceous | O21: woody and herbaceous
D22: organism_threshold | E22: character | F22: =VLOOKUP(D22,comm_nodist_plants2!C:D,2,FALSE) -> #N/A | G22: presence | H22: presence | I22: presence | J22: presence | K22: presence | L22: presence | M22: presence | N22: presence | O22: presence
D23: metric | E23: character | F23: =VLOOKUP(D23,comm_nodist_plants2!C:D,2,FALSE) -> #N/A | G23: abundance | H23: abundance | I23: abundance | J23: abundance | K23: abundance | L23: abundance | M23: abundance | N23: abundance | O23: abundance
D24: metric_source | E24: character | F24: =VLOOKUP(D24,comm_nodist_plants2!C:D,2,FALSE) -> #N/A | G24: diameter stem base for woody and percent cover for herbaceous. Joint results are in percentaje cover | H24: diameter stem base for woody and percent cover for herbaceous. Joint results are in percentaje cover | I24: diameter stem base for woody and percent cover for herbaceous. Joint results are in percentaje cover | J24: diameter stem base for woody and percent cover for herbaceous. Joint results are in percentaje cover | K24: diameter stem base for woody and percent cover for herbaceous. Joint results are in percentaje cover | L24: diameter stem base for woody and percent cover for herbaceous. Joint results are in percentaje cover | M24: diameter stem base for woody and percent cover for herbaceous. Joint results are in percentaje cover | N24: diameter stem base for woody and percent cover for herbaceous. Joint results are in percentaje cover | O24: diameter stem base for woody and percent cover for herbaceous. Joint results are in percentaje cover
D25: aggregated_data | E25: character | F25: =VLOOKUP(D25,comm_nodist_plants2!C:D,2,FALSE) -> #N/A | G25: no | H25: no | I25: no | J25: no | K25: no | L25: no | M25: no | N25: no | O25: no
D26: sampling_method | E26: character | F26: =VLOOKUP(D26,comm_nodist_plants2!C:D,2,FALSE) -> #N/A | G26: fixed plots/quadrats | H26: fixed plots/quadrats | I26: fixed plots/quadrats | J26: fixed plots/quadrats | K26: fixed plots/quadrats | L26: fixed plots/quadrats | M26: fixed plots/quadrats | N26: fixed plots/quadrats | O26: fixed plots/quadrats
D27: sampling_effort_within | E27: double | F27: =VLOOKUP(D27,comm_nodist_plants2!C:D,2,FALSE) -> #N/A | G27: 1 | H27: 1 | I27: 1 | J27: 1 | K27: 1 | L27: 1 | M27: 1 | N27: 1 | O27: 1
D28: sampling_effort_among | E28: logical | F28: =VLOOKUP(D28,comm_nodist_plants2!C:D,2,FALSE) -> #N/A | G28: NA | H28: NA | I28: NA | J28: NA | K28: NA | L28: NA | M28: NA | N28: NA | O28: NA
D29: n_comm | E29: double | F29: =VLOOKUP(D29,comm_nodist_plants2!C:D,2,FALSE) -> #N/A | G29: 1 | H29: 1 | I29: 1 | J29: 1 | K29: 1 | L29: 1 | M29: 1 | N29: 1 | O29: 1
D30: n_comm_available | E30: double | F30: =VLOOKUP(D30,comm_nodist_plants2!C:D,2,FALSE) -> #N/A | G30: 71 | H30: 71 | I30: 71 | J30: 71 | K30: 71 | L30: 71 | M30: 71 | N30: 71 | O30: 71
D31: effort_ori | E31: double | F31: =VLOOKUP(D31,comm_nodist_plants2!C:D,2,FALSE) -> #N/A | G31: 1 | H31: 1 | I31: 1 | J31: 1 | K31: 1 | L31: 1 | M31: 1 | N31: 1 | O31: 1
D32: historic_impact | E32: character | F32: =VLOOKUP(D32,comm_nodist_plants2!C:D,2,FALSE) -> #N/A | G32: deforestation and reforestation phases. 4.4% remaining forest cover | H32: deforestation and reforestation phases. 4.4% remaining forest cover | I32: deforestation and reforestation phases. 4.4% remaining forest cover | J32: deforestation and reforestation phases. 4.4% remaining forest cover | K32: deforestation and reforestation phases. 4.4% remaining forest cover | L32: deforestation and reforestation phases. 4.4% remaining forest cover | M32: deforestation and reforestation phases. 4.4% remaining forest cover | N32: deforestation and reforestation phases. 4.4% remaining forest cover | O32: deforestation and reforestation phases. 4.4% remaining forest cover
D33: predisturbances | E33: character | F33: =VLOOKUP(D33,comm_nodist_plants2!C:D,2,FALSE) -> #N/A | G33: NA | H33: NA | I33: NA | J33: NA | K33: NA | L33: NA | M33: NA | N33: NA | O33: NA
D34: disturbance1_age | E34: character | F34: =VLOOKUP(D34,comm_nodist_plants2!C:D,2,FALSE) -> #N/A | G34: productive grassland | H34: productive grassland | I34: productive grassland | J34: productive grassland | K34: intensive maize crop | L34: intensive maize crop | M34: intensive maize crop | N34: intensive maize crop | O34: intensive maize crop
D35: disturbance2 | E35: character | F35: =VLOOKUP(D35,comm_nodist_plants2!C:D,2,FALSE) -> #N/A | G35: bought for passive restoration | H35: bought for passive restoration | I35: bought for passive restoration | J35: bought for passive restoration | K35: bought for passive restoration | L35: bought for passive restoration | M35: bought for passive restoration | N35: bought for passive restoration | O35: bought for passive restoration
D36: n_disturbances | E36: double | F36: =VLOOKUP(D36,comm_nodist_plants2!C:D,2,FALSE) -> #N/A | G36: 1 | H36: 1 | I36: 1 | J36: 1 | K36: 1 | L36: 1 | M36: 1 | N36: 1 | O36: 1
D37: current_impact | E37: character | F37: =VLOOKUP(D37,comm_nodist_plants2!C:D,2,FALSE) -> #N/A | G37: NA | H37: NA | I37: NA | J37: NA | K37: NA | L37: NA | M37: NA | N37: NA | O37: NA
D38: notes | E38: character | F38: =VLOOKUP(D38,comm_nodist_plants2!C:D,2,FALSE) -> #N/A | G38: Plots are aggregated but we do not know how | H38: Plots are aggregated but we do not know how | I38: Plots are aggregated but we do not know how | J38: Plots are aggregated but we do not know how | K38: Plots are aggregated but we do not know how | L38: Plots are aggregated but we do not know how | M38: Plots are aggregated but we do not know how | N38: Plots are aggregated but we do not know how | O38: Plots are aggregated but we do not know how
D39: priority | E39: character | F39: =VLOOKUP(D39,comm_nodist_plants2!C:D,2,FALSE) -> #N/A | G39: NA | H39: NA | I39: NA | J39: NA | K39: NA | L39: NA | M39: NA | N39: NA | O39: NA
D40: country | E40: character | F40: =VLOOKUP(D40,comm_nodist_plants2!C:D,2,FALSE) -> #N/A | G40: Belgium | H40: Belgium | I40: Belgium | J40: Belgium | K40: Belgium | L40: Belgium | M40: Belgium | N40: Belgium | O40: Belgium
D41: study_common_taxon_clean | E41: character | F41: =VLOOKUP(D41,comm_nodist_plants2!C:D,2,FALSE) -> #N/A | G41: vascular plants | H41: vascular plants | I41: vascular plants | J41: vascular plants | K41: vascular plants | L41: vascular plants | M41: vascular plants | N41: vascular plants | O41: vascular plants
D42: study_common_taxon_strgroup | E42: character | F42: =VLOOKUP(D42,comm_nodist_plants2!C:D,2,FALSE) -> #N/A | G42: mix | H42: mix | I42: mix | J42: mix | K42: mix | L42: mix | M42: mix | N42: mix | O42: mix
D43: disturbance1_age_clean | E43: character | F43: =VLOOKUP(D43,comm_nodist_plants2!C:D,2,FALSE) -> #N/A | G43: animal farming | H43: animal farming | I43: animal farming | J43: animal farming | K43: cultivation | L43: cultivation | M43: cultivation | N43: cultivation | O43: cultivation
D44: disturbance2_clean | E44: character | F44: =VLOOKUP(D44,comm_nodist_plants2!C:D,2,FALSE) -> #N/A | G44: protection | H44: protection | I44: protection | J44: protection | K44: protection | L44: protection | M44: protection | N44: protection | O44: protection
D45: predisturbances_clean | E45: character | F45: =VLOOKUP(D45,comm_nodist_plants2!C:D,2,FALSE) -> #N/A | G45: NA | H45: NA | I45: NA | J45: NA | K45: NA | L45: NA | M45: NA | N45: NA | O45: NA
D46: current_impact_clean | E46: character | F46: =VLOOKUP(D46,comm_nodist_plants2!C:D,2,FALSE) -> #N/A | G46: NA | H46: NA | I46: NA | J46: NA | K46: NA | L46: NA | M46: NA | N46: NA | O46: NA
D47: postdisturbance | E47: character | F47: =VLOOKUP(D47,comm_nodist_plants2!C:D,2,FALSE) -> disturbances or interventions after main disturbance (e.g. tree planting, wood removal, etc.). | G47: none | H47: none | I47: none | J47: none | K47: none | L47: none | M47: none | N47: none | O47: none
D48: restoration | E48: double | F48: =VLOOKUP(D48,comm_nodist_plants2!C:D,2,FALSE) -> #N/A | G48: 0 | H48: 0 | I48: 0 | J48: 0 | K48: 0 | L48: 0 | M48: 0 | N48: 0 | O48: 0
D49: protection | E49: double | F49: =VLOOKUP(D49,comm_nodist_plants2!C:D,2,FALSE) -> #N/A | G49: 1 | H49: 1 | I49: 1 | J49: 1 | K49: 1 | L49: 1 | M49: 1 | N49: 1 | O49: 1
D50: use | E50: character | F50: =VLOOKUP(D50,comm_nodist_plants2!C:D,2,FALSE) -> #N/A | G50: none | H50: none | I50: none | J50: none | K50: none | L50: none | M50: none | N50: none | O50: none
D51: recovering_cond | E51: character | F51: =VLOOKUP(D51,comm_nodist_plants2!C:D,2,FALSE) -> #N/A | G51: protection | H51: protection | I51: protection | J51: protection | K51: protection | L51: protection | M51: protection | N51: protection | O51: protection
D52: coord_accuracy | E52: character | F52: =VLOOKUP(D52,comm_nodist_plants2!C:D,2,FALSE) -> #N/A | G52: community | H52: community | I52: community | J52: community | K52: community | L52: community | M52: community | N52: community | O52: community
D53: taxon_level | E53: character | F53: =VLOOKUP(D53,comm_nodist_plants2!C:D,2,FALSE) -> #N/A | G53: species | H53: species | I53: species | J53: species | K53: species | L53: species | M53: species | N53: species | O53: species
D54: richness_study | E54: double | F54: =VLOOKUP(D54,comm_nodist_plants2!C:D,2,FALSE) -> #N/A | G54: 92 | H54: 92 | I54: 92 | J54: 92 | K54: 92 | L54: 92 | M54: 92 | N54: 92 | O54: 92
D55: richness | E55: double | F55: =VLOOKUP(D55,comm_nodist_plants2!C:D,2,FALSE) -> #N/A | G55: 13 | H55: 8 | I55: 7 | J55: 9 | K55: 11 | L55: 7 | M55: 8 | N55: 16 | O55: 13
D56: abund | E56: double | F56: =VLOOKUP(D56,comm_nodist_plants2!C:D,2,FALSE) -> #N/A | G56: 36.14 | H56: 98.97 | I56: 100.01 | J56: 100 | K56: 3.28 | L56: 80.1 | M56: 5.56 | N56: 53.69 | O56: 26.1
D57: shannon | E57: double | F57: =VLOOKUP(D57,comm_nodist_plants2!C:D,2,FALSE) -> #N/A | G57: 1.8357899e+16 | H57: 2.0782963e+15 | I57: 2.3031238e+15 | J57: 2.1487901e+15 | K57: 1.9742284e+16 | L57: 1.139218e+15 | M57: 1.7977107e+16 | N57: 2.8691852e+16 | O57: 2.962306e+16
D58: PD | E58: double | F58: =VLOOKUP(D58,comm_nodist_plants2!C:D,2,FALSE) -> #N/A | G58: 741458122 | H58: 814298105 | I58: 668569884 | J58: 8.2336197e+15 | K58: 8.4288083e+15 | L58: 636054854 | M58: 646698456 | N58: 954461839 | O58: 6100192
D59: SR | E59: double | F59: =VLOOKUP(D59,comm_nodist_plants2!C:D,2,FALSE) -> #N/A | G59: 10 | H59: 8 | I59: 7 | J59: 9 | K59: 9 | L59: 6 | M59: 6 | N59: 13 | O59: 10
D60: error_class | E60: double | F60: =VLOOKUP(D60,comm_nodist_plants2!C:D,2,FALSE) -> #N/A | G60: 0.13043478260869565 | H60: 0.13043478260869565 | I60: 0.13043478260869565 | J60: 0.13043478260869565 | K60: 0.13043478260869565 | L60: 0.13043478260869565 | M60: 0.13043478260869565 | N60: 0.13043478260869565 | O60: 0.13043478260869565

Sheet comm_nodist_plants2
C2: Assemblage ID | D2: “Study ID” & “Site” & “Plot”
C3: Source ID | D3: “Compilation ID” & “Citation”
C4: Study ID | D4: “Compilation ID” & “Source ID” & “Study”
C5: Study | D5: a study can be different from other because they consider different organisms within the same source (e.g. Purata 1986), different types of measurements in the same plots or different sampling methodologies. The differentiation by organism is made if the author explicitly did, but if not all organism types will be in the same study (e.g. Romero-Duque et al. 2007 includes all woody species independently if they are trees, shrubs, lianas, etc. and other studies are focused in one of these groups). Different disturbances do not differenciate studies if there is a common reference (e.g. Purata 1996). “Study” comprises all the assemblages that are comparable to the same reference or disturbed assemblage and contains different sites and plots.
C6: Original study | D6: name of the study at the original compilation
C7: Available assemblages | D7: number of assemblages per study
C8: Site | D8: sampling site. For spatially blocked designs where pseudo-replicate information is available, each site may contain different plots.
C9: Plot | D9: spatial or temporal pseudo-replicates
C10: Original plot | D10: site or site & plot in the original compilation
C11: Latitude | D11: latitude of the specific site/plot in WGS84. When it is not available, the column will include the location of the study. When it is not possible to know which coordinates correspond to which plot within a treatment, “Latitude” includes location of the study. When it is not possible to know the exact latitude of some sites/plots those have the location of the study (one case Buckney and Morrison 1992).
C12: Longitude | D12: longitude of the specific site/plot in WGS84. When it is not available, the column will include the location of the study. When it is not possible to know which coordinates correspond to which plot within a treatment, “Longitude” includes location of the study. When it is not possible to know the exact longitude of some sites/plots those have the location of the study (one case Buckney and Morrison 1992).
C13: Coordinates accuracy | D13: one of “assemblage” or “study”.
... C37: Sampling effort | D37: number of assemblages sampled aggregated by each row (i.e. what we generally call “assemblage”). It includes temporal and spatial replicates. It refers to a counting of the minimum area/period sampled.

Sheet taxon
A1: ,"id_comm","id_study","taxon_level","taxon_ori","rank","error_ident","error_class","measurement","metric","taxon_clean","unidentified","count0","count"
A2: 1,"Baeten et al. 2010_Baeten Belgium vegetation recovery_p10_NA","PR_Baeten et al. 2010_Baeten Belgium vegetation recovery","species","Acer pseudoplatanus","species",0,0.130434782608696,0,"abundance","Acer pseudoplatanus",FALSE,2,2
A3: 2,"Baeten et al. 2010_Baeten Belgium vegetation recovery_p10_NA","PR_Baeten et al. 2010_Baeten Belgium vegetation recovery","species","Aegopodium podagraria","species",0,0.130434782608696,0,"abundance","Aegopodium podagraria",FALSE,2,2
A4: 3,"Baeten et al. 2010_Baeten Belgium vegetation recovery_p10_NA","PR_Baeten et al. 2010_Baeten Belgium vegetation recovery","species","Agrostis spp.","genus",0,0.130434782608696,0,"abundance","Agrostis spp",FALSE,2,2
A5: 4,"Baeten et al. 2010_Baeten Belgium vegetation recovery_p10_NA","PR_Baeten et al. 2010_Baeten Belgium vegetation recovery","species","Alopecurus geniculatus","species",0,0.130434782608696,0,"abundance","Alopecurus geniculatus",FALSE,2,2
A6: 5,"Baeten et al. 2010_Baeten Belgium vegetation recovery_p10_NA","PR_Baeten et al. 2010_Baeten Belgium vegetation recovery","species","Apera interrupta","species",0,0.130434782608696,0,"abundance","Apera interrupta",FALSE,2,2
A7: 6,"Baeten et al. 2010_Baeten Belgium vegetation recovery_p10_NA","PR_Baeten et al. 2010_Baeten Belgium vegetation recovery","species","Apera spica-venti","species",0,0.130434782608696,0,"abundance","Apera spica-venti",FALSE,2,2
A8: 7,"Baeten et al. 2010_Baeten Belgium vegetation recovery_p10_NA","PR_Baeten et al. 2010_Baeten Belgium vegetation recovery","species","Aphanes inexpectata","species",0,0.130434782608696,0,"abundance","Aphanes inexpectata",FALSE,2,2
A9: 8,"Baeten et al. 2010_Baeten Belgium vegetation recovery_p10_NA","PR_Baeten et al. 2010_Baeten Belgium vegetation recovery","species","Artemisia vulgaris","species",0,0.130434782608696,0,"abundance","Artemisia vulgaris",FALSE,2,2
A10: 9,"Baeten et al. 2010_Baeten Belgium vegetation recovery_p10_NA","PR_Baeten et al. 2010_Baeten Belgium vegetation recovery","species","Avena sativa","species",0,0.130434782608696,0,"abundance","Avena sativa",FALSE,2,2
A11: 10,"Baeten et al. 2010_Baeten Belgium vegetation recovery_p10_NA","PR_Baeten et al. 2010_Baeten Belgium vegetation recovery","species","Betula spp.","genus",0,0.130434782608696,0,"abundance","Betula spp",FALSE,2,2

Sheet taxon2
A1: id | B1: type | C1: description | D1: value1 | E1: value2 | F1: value3 | G1: value4 | H1: value5 | I1: value6 | J1: value7 | K1: value8 | L1: value9 | M1: value10
A2: id_comm | B2: character | D2: Baeten et al. 2010_Baeten Belgium vegetation recovery_p10_NA | E2: Baeten et al. 2010_Baeten Belgium vegetation recovery_p10_NA | F2: Baeten et al. 2010_Baeten Belgium vegetation recovery_p10_NA | G2: Baeten et al. 2010_Baeten Belgium vegetation recovery_p10_NA | H2: Baeten et al. 2010_Baeten Belgium vegetation recovery_p10_NA | I2: Baeten et al. 2010_Baeten Belgium vegetation recovery_p10_NA | J2: Baeten et al. 2010_Baeten Belgium vegetation recovery_p10_NA | K2: Baeten et al. 2010_Baeten Belgium vegetation recovery_p10_NA | L2: Baeten et al. 2010_Baeten Belgium vegetation recovery_p10_NA | M2: Baeten et al. 2010_Baeten Belgium vegetation recovery_p10_NA
A3: id_study | B3: character | D3: PR_Baeten et al. 2010_Baeten Belgium vegetation recovery | E3: PR_Baeten et al. 2010_Baeten Belgium vegetation recovery | F3: PR_Baeten et al. 2010_Baeten Belgium vegetation recovery | G3: PR_Baeten et al. 2010_Baeten Belgium vegetation recovery | H3: PR_Baeten et al. 2010_Baeten Belgium vegetation recovery | I3: PR_Baeten et al. 2010_Baeten Belgium vegetation recovery | J3: PR_Baeten et al. 2010_Baeten Belgium vegetation recovery | K3: PR_Baeten et al. 2010_Baeten Belgium vegetation recovery | L3: PR_Baeten et al. 2010_Baeten Belgium vegetation recovery | M3: PR_Baeten et al. 2010_Baeten Belgium vegetation recovery
A4: taxon_level | B4: character | C4: Taxon level: level of the original taxonomic name (family, species, etc.). Classified with an algorithm made in R. | D4: species | E4: species | F4: species | G4: species | H4: species | I4: species | J4: species | K4: species | L4: species | M4: species
A5: taxon_ori | B5: character | D5: Acer pseudoplatanus | E5: Aegopodium podagraria | F5: Agrostis spp. | G5: Alopecurus geniculatus | H5: Apera interrupta | I5: Apera spica-venti | J5: Aphanes inexpectata | K5: Artemisia vulgaris | L5: Avena sativa | M5: Betula spp.
A6: rank | B6: character | D6: species | E6: species | F6: genus | G6: species | H6: species | I6: species | J6: species | K6: species | L6: species | M6: genus | X6: species" ...
A7: error_ident | B7: double | C7: Identification error: percentaje of taxon abundance without a proper taxon name in relation to the abundance of the entire community. | D7: 0 | E7: 0 | F7: 0 | G7: 0 | H7: 0 | I7: 0 | J7: 0 | K7: 0 | L7: 0 | M7: 0
A8: error_class | B8: decimal | D8: 0.130434782608696 | E8: 0.130434782608696 | F8: 0.130434782608696 | G8: 0.130434782608696 | H8: 0.130434782608696 | I8: 0.130434782608696 | J8: 0.130434782608696 | K8: 0.130434782608696 | L8: 0.130434782608696 | M8: 0.130434782608696
A9: measurement | B9: numeric | C9: Measurement: value of occurrence, frequency, relative frequency, abundance or relative abundance. | D9: 0 | E9: 0 | F9: 0 | G9: 0 | H9: 0 | I9: 0 | J9: 0 | K9: 0 | L9: 0 | M9: 0
A10: metric | B10: character | D10: abundance | E10: abundance | F10: abundance | G10: abundance | H10: abundance | I10: abundance | J10: abundance | K10: abundance | L10: abundance | M10: abundance | X10: abundance" ...
A11: taxon_clean | B11: character | D11: Acer pseudoplatanus | E11: Aegopodium podagraria | F11: Agrostis spp | G11: Alopecurus geniculatus | H11: Apera interrupta | I11: Apera spica-venti | J11: Aphanes inexpectata | K11: Artemisia vulgaris | L11: Avena sativa | M11: Betula spp
A12: unidentified | B12: logical | D12: FALSE | E12: FALSE | F12: FALSE | G12: FALSE | H12: FALSE | I12: FALSE | J12: FALSE | K12: FALSE | L12: FALSE | M12: FALSE
A13: count0 | B13: double | D13: 2 | E13: 2 | F13: 2 | G13: 2 | H13: 2 | I13: 2 | J13: 2 | K13: 2 | L13: 2 | M13: 2
A14: count | B14: double | D14: 2 | E14: 2 | F14: 2 | G14: 2 | H14: 2 | I14: 2 | J14: 2 | K14: 2 | L14: 2 | M14: 2
C18: 42. Source ID: “Compilation ID” & “Citation”
C19: 43. Available taxa: number of taxa included in each assemblage.
C20: 44. Original taxon: taxonomic name in the original compilation.
C21: 45. Clean taxon: taxonomic name harmonized with (1) an algorithm created ad hoc for this database, (2) Catalogue of Life 2013 (following Predicts) or other species data bases. Typographic errors and other irregularities are corrected.
C22: Taxon level: level of the original taxonomic name (family, species, etc.). Classified with an algorithm made in R.
C23: 47. Measurement: value of occurrence, frequency, relative frequency, abundance or relative abundance.
C24: 48. Rescaled measurement: measurement corrected according to “Intra-study sampling effort” (just for abundances). Following (7).
C25: 49. Identification error: percentaje of taxon abundance without a proper taxon name in relation to the abundance of the entire community.
C26: 50. Level classification error: 0 when level and “Assemblage taxon level” are the same and 1 when they are not.

Sheet sources
C1: Description
C2: Source ID: “Compilation ID” & “Citation”
C3: Compilation ID: one of (6) (RU), PREDICTS (PR), (4) (CU), (8) (HU)
C4: Citation: family name of 1st author & “et al.” & year or family name of 1st author & “and” & family name 2nd author & year. When two sources are similar a letter is added at the end, starting with “a” in the second citation. No special characters except “-”.
C5: Original citation: citation at the original compilation
C6: Corresponding author
C7: Contact?
C8: Reference: complete reference (authors, year, title, journal, volume, number, pages)
C9: URL: url of the original source
C12: 1. Source ID: “Compilation ID” & “Citation”
C13: 2. Compilation ID: one of (6) (RU), PREDICTS (PR), (4) (CU), (8) (HU)
C14: 3. Citation: family name of 1st author & “et al.” & year or family name of 1st author & “and” & family name 2nd author & year. When two sources are similar a letter is added at the end, starting with “a” in the second citation. No special characters except “-”.
... C19: 8. URL: url of the original source
